DATE,OPEN,HIGH,LOW,CLOSE,VOLUME
2025-11-19,89.49,89.49,89.49,89.49,0.0
2025-11-17,88.79000091552734,88.79000091552734,84.0999984741211,84.48999786376953,1025.0
2025-11-14,87.80000305175781,87.80000305175781,86.0,86.0,3142.0
2025-11-13,82.7699966430664,82.7699966430664,82.76000213623047,85.98999786376953,202.0
2025-11-12,86.0,86.0,83.51000213623047,85.98999786376953,702.0
2025-11-11,86.0,87.0,86.0,86.31999969482422,900.0
2025-11-10,87.0,87.0,84.0,86.48999786376953,2744.0
2025-11-07,88.44000244140625,88.44000244140625,83.94999694824219,83.94999694824219,613.0
2025-11-06,86.0,86.0,86.0,84.05999755859375,1.0
2025-11-05,84.05000305175781,86.45999908447266,84.0,84.05999755859375,2456.0
2025-11-04,86.8499984741211,86.8499984741211,86.8499984741211,86.8499984741211,0.0
2025-11-03,83.55999755859375,83.5999984741211,83.55999755859375,86.8499984741211,100.0
2025-10-31,82.51000213623047,88.5,82.51000213623047,86.8499984741211,1152.0
2025-10-30,84.01000213623047,84.01000213623047,84.0,84.0,1003.0
2025-10-29,85.0,85.0,84.01000213623047,84.01000213623047,550.0
2025-10-28,89.73999786376953,89.73999786376953,83.19999694824219,84.63999938964844,1730.0
2025-10-27,84.11000061035156,87.4000015258789,84.01000213623047,87.0,2356.0
2025-10-24,87.73999786376953,89.0,84.5,87.04000091552734,11253.0
2025-10-23,84.5,86.0,84.5,85.95999908447266,4772.0
2025-10-22,83.05000305175781,86.55999755859375,83.05000305175781,84.58999633789062,8595.0
2025-10-21,85.58999633789062,86.9000015258789,85.0999984741211,85.55999755859375,5009.0
2025-10-20,86.95999908447266,86.95999908447266,83.0,83.04000091552734,5272.0
2025-10-17,85.1500015258789,88.1500015258789,85.01000213623047,86.0,11606.0
2025-10-16,88.58000183105469,88.58000183105469,85.12999725341797,86.0,3838.0
2025-10-15,85.01000213623047,87.05000305175781,85.0,85.18000030517578,17958.0
2025-10-14,88.0,88.0,85.0,85.01000213623047,1101.0
2025-10-13,86.0,86.0,82.01000213623047,85.0,3554.0
2025-10-10,83.70999908447266,87.0,83.69999694824219,84.0199966430664,1122.0
2025-10-09,86.0,87.0,84.27999877929688,85.0,6600.0
2025-10-08,87.73999786376953,90.0,83.5,87.06999969482422,153632.0
2025-10-07,86.69999694824219,86.69999694824219,86.69999694824219,86.69999694824219,0.0
2025-10-06,96.0,96.0,86.29000091552734,86.69999694824219,56498.0
2025-10-03,89.98999786376953,97.0,86.01000213623047,95.87999725341795,4160.0
2025-10-02,90.0,90.0,85.0999984741211,89.93000030517578,6714.0
2025-10-01,92.9000015258789,92.98999786376952,88.55000305175781,90.0,12248.0
2025-09-30,90.0,90.1500015258789,90.0,90.01000213623047,10201.0
2025-09-29,92.0,92.0,90.1500015258789,90.1500015258789,301.0
2025-09-26,90.1999969482422,94.48999786376952,90.0,90.02999877929688,13412.0
2025-09-25,97.98999786376952,97.98999786376952,90.0,90.20999908447266,3777.0
2025-09-24,91.86000061035156,93.9499969482422,90.05000305175781,90.30999755859376,2853.0
2025-09-23,93.87000274658205,93.87000274658205,93.87000274658205,93.87000274658205,0.0
2025-09-22,98.98999786376952,98.98999786376952,90.0,93.87000274658205,15654.0
2025-09-19,102.01000213623048,103.9499969482422,96.0,96.08999633789062,54759.0
2025-09-18,105.2699966430664,105.2699966430664,100.6999969482422,103.83999633789062,417372.0
2025-09-17,89.75,95.6999969482422,86.1500015258789,95.6999969482422,258814.0
2025-09-16,87.0,87.0,87.0,87.0,0.0
2025-09-15,87.0,87.0,87.0,87.0,0.0
2025-09-12,87.0,87.0,87.0,87.0,0.0
2025-09-11,83.0,89.0,83.0,87.0,2.0
2025-09-10,86.44000244140625,87.98999786376953,86.44000244140625,87.0,2948.0
2025-09-09,86.44000244140625,86.44000244140625,86.44000244140625,86.44000244140625,0.0
2025-09-08,86.01000213623047,86.01000213623047,85.0,86.44000244140625,221.0
2025-09-05,86.44000244140625,86.44000244140625,86.44000244140625,86.44000244140625,0.0
2025-09-04,89.98999786376953,89.98999786376953,85.0,86.44000244140625,729.0
2025-09-03,87.5,90.9800033569336,82.55000305175781,90.0,11536.0
2025-09-02,86.0,86.73999786376953,82.5,82.80000305175781,9655.0
2025-09-01,81.05999755859375,81.05999755859375,78.01000213623047,79.13999938964844,3550.0
2025-08-29,79.0199966430664,86.98999786376953,79.0199966430664,81.02999877929688,6.0
2025-08-28,80.51000213623047,85.0,80.51000213623047,81.02999877929688,1411.0
2025-08-27,84.4000015258789,84.4000015258789,84.0,84.22000122070312,1054.0
2025-08-26,83.98999786376953,84.98999786376953,80.16999816894531,84.62000274658203,2530.0
2025-08-25,80.3499984741211,83.98999786376953,80.0,80.05999755859375,5345.0
2025-08-22,82.0,82.0,82.0,81.76000213623047,250.0
2025-08-21,84.97000122070312,84.97000122070312,81.25,81.76000213623047,4769.0
2025-08-20,85.0,85.0,82.25,83.11000061035156,2860.0
2025-08-19,82.0999984741211,85.0,82.0,82.06999969482422,3250.0
2025-08-18,85.0999984741211,85.0999984741211,83.19999694824219,83.41999816894531,1371.0
2025-08-15,88.0,88.0,85.0,85.0,787.0
2025-08-13,86.98999786376953,87.0,86.98999786376953,87.0,302.0
2025-08-12,87.0,87.0,87.0,87.0,380.0
2025-08-11,89.98999786376953,89.98999786376953,85.01000213623047,85.18000030517578,2259.0
2025-08-08,85.0,87.0,84.0,86.0,2468.0
2025-08-07,85.19999694824219,85.25,84.0,85.0,15000.0
2025-08-06,89.98999786376953,90.0,86.0,89.0,3404.0
2025-08-05,87.0,87.0,87.0,87.0,0.0
2025-08-04,85.01000213623047,87.0,85.01000213623047,87.0,2003.0
2025-08-01,89.88999938964844,89.9000015258789,87.0,87.0,4450.0
2025-07-31,86.5,89.98999786376953,86.0999984741211,87.33999633789062,6377.0
2025-07-30,89.0,90.0,87.0,87.0,23124.0
2025-07-29,90.05000305175781,90.98999786376952,89.0,89.0,51106.0
2025-07-28,93.48999786376952,96.5999984741211,91.0,93.22000122070312,13661.0
2025-07-25,90.1500015258789,92.9000015258789,90.1500015258789,91.51000213623048,5.0
2025-07-24,94.0,95.4000015258789,90.12000274658205,91.51000213623048,34423.0
2025-07-23,90.0,99.0,90.0,91.87999725341795,37571.0
2025-07-22,88.9000015258789,88.9000015258789,88.9000015258789,90.0,15.0
2025-07-21,90.0,90.0,90.0,90.0,2100.0
2025-07-18,90.33000183105467,90.33000183105467,90.33000183105467,90.33000183105467,0.0
2025-07-17,98.0,98.0,87.56999969482422,90.33000183105467,2103.0
2025-07-16,91.0,92.5,90.0,90.0,8812.0
2025-07-15,90.0,90.0,90.0,90.0,5000.0
2025-07-14,90.0,90.0,90.0,90.0,0.0
2025-07-11,85.0,90.0,85.0,90.0,1500.0
2025-07-10,90.0,90.0,90.0,90.0,0.0
2025-07-09,92.9000015258789,92.9000015258789,91.9000015258789,90.0,2.0
2025-07-08,90.0,95.5,90.0,90.0,14311.0
2025-07-07,93.0,98.5,89.19999694824219,93.0199966430664,22558.0
2025-07-04,90.0,90.0,90.0,90.0,2001.0
2025-07-03,90.0,91.0,90.0,91.0,2203.0
2025-07-02,90.0,90.0,90.0,90.0,0.0
2025-07-01,90.0,90.0,90.0,90.0,14561.0
2025-06-30,90.4000015258789,92.0,85.0,90.0,38420.0
2025-06-27,88.0,93.48999786376952,88.0,93.43000030517578,10101.0
2025-06-26,88.01000213623047,90.0,88.01000213623047,90.1500015258789,42.0
2025-06-25,88.0999984741211,94.5999984741211,87.0999984741211,90.1500015258789,2889.0
2025-06-24,86.01000213623047,86.01000213623047,86.01000213623047,86.0,1.0
2025-06-23,89.0,89.0,83.5,86.0,1303.0
2025-06-20,89.9000015258789,90.0,89.0,89.05000305175781,3195.0
2025-06-19,89.98999786376953,89.98999786376953,89.98999786376953,89.98999786376953,0.0
2025-06-18,90.0,90.0,85.01000213623047,89.98999786376953,126350.0
2025-06-17,90.98999786376952,91.0,89.25,89.94999694824219,3435.0
2025-06-16,89.9800033569336,89.9800033569336,89.9800033569336,89.9800033569336,0.0
2025-06-13,90.0,90.0,89.75,89.9800033569336,8725.0
2025-06-12,90.0,90.98999786376952,89.98999786376953,90.0,96290.0
2025-06-11,88.25,90.0,88.12000274658203,89.86000061035156,50210.0
2025-06-10,98.0,98.0,87.0,89.9000015258789,8594.0
2025-06-09,92.0,92.0,92.0,92.0,0.0
2025-06-06,92.0,92.0,92.0,92.0,0.0
2025-06-05,88.0,92.0,88.0,92.0,1353.0
2025-06-04,87.98999786376953,88.0,87.98999786376953,88.0,995.0
2025-06-03,84.0,85.0,84.0,85.0,421.0
2025-06-02,89.4000015258789,91.0,84.0,84.0,5766.0
2025-05-30,80.08000183105469,88.0,80.08000183105469,88.9800033569336,25.0
2025-05-29,85.0,85.0,85.0,88.9800033569336,5.0
2025-05-28,88.9800033569336,88.9800033569336,88.9800033569336,88.9800033569336,0.0
2025-05-27,85.55999755859375,90.0,85.0,88.9800033569336,8500.0
2025-05-26,85.55999755859375,85.55999755859375,85.55999755859375,85.55999755859375,0.0
2025-05-23,85.55999755859375,85.55999755859375,85.55999755859375,85.55999755859375,0.0
2025-05-22,80.12000274658203,80.12000274658203,80.11000061035156,85.55999755859375,10.0
2025-05-21,79.0,82.0,79.0,85.55999755859375,41.0
2025-05-20,79.0,85.75,79.0,85.55999755859375,518.0
2025-05-19,84.44000244140625,84.5999984741211,84.44000244140625,78.75,100.0
2025-05-16,83.9000015258789,83.9000015258789,72.0,78.75,8020.0
2025-05-15,79.8499984741211,80.0,78.0,80.0,5212.0
2025-05-14,78.25,78.25,78.25,77.0,50.0
2025-05-13,79.98999786376953,80.0,79.0,77.0,559.0
2025-05-12,77.0,77.0,77.0,77.0,4900.0
2025-05-09,69.5,69.5,69.5,77.16999816894531,1.0
2025-05-08,77.16999816894531,77.16999816894531,77.16999816894531,77.16999816894531,0.0
2025-05-07,82.0,82.0,81.75,77.16999816894531,5.0
2025-05-06,77.16999816894531,77.16999816894531,77.16999816894531,77.16999816894531,0.0
2025-05-05,77.16999816894531,77.16999816894531,77.16999816894531,77.16999816894531,0.0
2025-05-02,77.16999816894531,77.16999816894531,77.16999816894531,77.16999816894531,0.0
2025-04-30,73.04000091552734,73.04000091552734,73.04000091552734,77.16999816894531,4.0
2025-04-29,81.0,82.80000305175781,81.0,77.16999816894531,25.0
2025-04-28,77.16999816894531,77.16999816894531,77.16999816894531,77.16999816894531,0.0
2025-04-25,77.16999816894531,77.16999816894531,77.16999816894531,77.16999816894531,0.0
2025-04-24,77.01000213623047,78.16000366210938,77.01000213623047,77.16999816894531,569.0
2025-04-23,82.01000213623047,82.01000213623047,82.01000213623047,82.01000213623047,0.0
2025-04-22,78.0,81.0,78.0,82.01000213623047,183.0
2025-04-21,73.80999755859375,82.29000091552734,73.80999755859375,82.01000213623047,8.0
2025-04-18,72.98999786376953,88.98999786376953,72.98999786376953,82.01000213623047,660.0
2025-04-17,79.0,81.98999786376953,79.0,81.0999984741211,135.0
2025-04-16,76.0,76.0,76.0,81.0999984741211,3.0
2025-04-15,80.9000015258789,81.4000015258789,76.01000213623047,81.0999984741211,352.0
2025-04-14,79.0,79.0,74.05000305175781,77.70999908447266,2.0
2025-04-11,81.0,81.0,71.0999984741211,77.70999908447266,6.0
2025-04-10,77.69999694824219,78.5,77.69999694824219,77.70999908447266,1231.0
2025-04-09,79.9000015258789,80.0,79.9000015258789,76.98999786376953,25.0
2025-04-08,76.98999786376953,76.98999786376953,76.98999786376953,76.98999786376953,0.0
2025-04-07,81.88999938964844,81.88999938964844,69.31999969482422,76.98999786376953,4.0
2025-04-04,79.94999694824219,79.94999694824219,76.19999694824219,76.98999786376953,1179.0
2025-04-03,72.0,80.48999786376953,72.0,79.56999969482422,327.0
2025-03-31,79.56999969482422,79.56999969482422,79.56999969482422,79.56999969482422,0.0
2025-03-28,79.56999969482422,79.56999969482422,79.56999969482422,79.56999969482422,0.0
2025-03-27,79.56999969482422,79.56999969482422,79.56999969482422,79.56999969482422,0.0
2025-03-26,72.19999694824219,78.98999786376953,72.19999694824219,79.56999969482422,99.0
2025-03-25,79.56999969482422,79.56999969482422,79.56999969482422,79.56999969482422,0.0
2025-03-24,84.69999694824219,84.69999694824219,73.1500015258789,79.56999969482422,11.0
2025-03-21,73.0,73.0,73.0,79.56999969482422,10.0
2025-03-20,77.0,80.0,74.0,79.56999969482422,1476.0
2025-03-19,78.98999786376953,79.0,73.05999755859375,76.08000183105469,102.0
2025-03-18,75.01000213623047,75.05000305175781,75.01000213623047,76.08000183105469,101.0
2025-03-17,76.0,80.0,76.0,76.08000183105469,1276.0
2025-03-14,80.0,80.0,71.51000213623047,79.98999786376953,3010.0
2025-03-13,72.58000183105469,80.0,72.58000183105469,75.02999877929688,1169.0
2025-03-12,75.08000183105469,75.08000183105469,75.08000183105469,79.0,25.0
2025-03-11,73.5199966430664,73.5199966430664,73.5199966430664,79.0,6.0
2025-03-10,73.5,73.5,73.5,79.0,2.0
2025-03-07,79.0,79.0,79.0,79.0,0.0
2025-03-06,80.0,80.0,75.11000061035156,79.0,2.0
2025-03-05,79.0,79.0,72.19999694824219,79.0,26.0
2025-03-04,79.0,80.0,73.0,79.0,1014.0
2025-03-03,80.0,80.0,76.19999694824219,79.98999786376953,553.0
2025-02-28,78.0,84.61000061035156,74.01000213623047,84.5,3465.0
2025-02-27,86.4000015258789,86.4000015258789,74.12000274658203,80.0,855.0
2025-02-26,83.73999786376953,83.73999786376953,72.0199966430664,80.0,256.0
2025-02-25,79.0,79.0,75.0,80.0,2.0
2025-02-24,77.19999694824219,77.19999694824219,75.11000061035156,80.0,78.0
2025-02-21,75.01000213623047,80.0,72.01000213623047,80.0,4.0
2025-02-20,80.0,80.0,80.0,80.0,0.0
2025-02-19,76.0,78.0,76.0,80.0,2.0
2025-02-18,80.0,80.0,76.11000061035156,80.0,7.0
2025-02-17,83.0,83.0,76.0,80.0,2.0
2025-02-14,78.0,84.48999786376953,76.02999877929688,80.0,12.0
2025-02-13,83.76000213623047,83.76000213623047,79.01000213623047,80.0,2.0
2025-02-12,85.98999786376953,85.98999786376953,77.12999725341797,80.0,1607.0
2025-02-11,76.01000213623047,81.98999786376953,76.0,81.97000122070312,292.0
2025-02-10,81.97000122070312,81.97000122070312,81.97000122070312,81.97000122070312,0.0
2025-02-07,80.0,87.94000244140625,80.0,81.97000122070312,2777.0
2025-02-06,77.0,84.30000305175781,77.0,80.0,4413.0
2025-02-04,77.02999877929688,83.7300033569336,77.02999877929688,84.4000015258789,43.0
2025-02-03,84.0,84.5999984741211,80.0,84.4000015258789,1624.0
2025-01-31,70.0,82.2699966430664,69.0,82.2699966430664,9501.0
2025-01-30,74.79000091552734,74.79000091552734,70.44999694824219,74.79000091552734,4413.0
2025-01-29,71.0,71.0,70.98999786376953,68.0,54.0
2025-01-28,68.05999755859375,68.05999755859375,66.02999877929688,68.0,1076.0
2025-01-27,73.0,73.0,69.18000030517578,70.0,4159.0
2025-01-24,73.0,73.0,73.0,73.0,399.0
2025-01-23,73.0,73.0,69.0,71.62000274658203,371.0
2025-01-22,72.0,76.76000213623047,72.0,73.0,2.0
2025-01-21,72.0,74.0,72.0,73.0,5206.0
2025-01-20,73.98999786376953,73.98999786376953,69.05000305175781,73.23999786376953,22.0
2025-01-17,74.98999786376953,74.98999786376953,73.23999786376953,73.23999786376953,51.0
2025-01-16,79.5,79.5,67.0,73.23999786376953,360.0
2025-01-15,73.9800033569336,74.0,73.9800033569336,74.0,472.0
2025-01-14,69.98999786376953,69.98999786376953,69.98999786376953,69.98999786376953,649.0
2025-01-13,69.98999786376953,69.98999786376953,69.98999786376953,69.98999786376953,501.0
2025-01-10,67.01000213623047,67.01000213623047,67.01000213623047,67.01000213623047,1160.0
2025-01-09,68.01000213623047,68.01000213623047,67.0,67.0,1500.0
2025-01-08,72.0,72.0,70.0,70.0999984741211,3520.0
2025-01-07,73.01000213623047,76.16999816894531,72.5,72.63999938964844,3156.0
2025-01-06,74.68000030517578,76.5,74.0,76.37999725341797,2399.0
2025-01-03,76.01000213623047,78.98999786376953,74.55000305175781,74.68000030517578,6775.0
2025-01-02,80.0,80.0,79.0,79.43000030517578,970.0
2025-01-01,82.95999908447266,82.95999908447266,82.95999908447266,82.95999908447266,0.0
2024-12-31,84.01000213623047,90.29000091552734,81.30999755859375,82.95999908447266,18053.0
2024-12-30,95.8000030517578,95.8000030517578,88.01000213623047,90.33999633789062,1912.0
2024-12-27,95.9000015258789,95.9000015258789,86.2699966430664,91.76000213623048,1658.0
2024-12-26,92.75,92.75,92.75,92.75,0.0
2024-12-24,93.69000244140624,93.69000244140624,86.0,92.75,2501.0
2024-12-23,85.61000061035156,93.8000030517578,85.5999984741211,93.69000244140624,1167.0
2024-12-20,83.0,96.98999786376952,83.0,89.94000244140625,225.0
2024-12-19,90.7699966430664,90.7699966430664,82.66000366210938,89.94000244140625,4134.0
2024-12-18,91.9000015258789,92.0,88.0999984741211,90.7699966430664,2031.0
2024-12-17,91.5,91.75,90.0,90.0,2400.0
2024-12-16,90.01000213623047,91.48999786376952,90.0,90.83000183105467,5310.0
2024-12-13,94.0,94.0,89.0,89.01000213623047,2404.0
2024-12-12,94.9000015258789,94.9000015258789,89.0,91.77999877929688,5402.0
2024-12-11,80.12000274658203,88.11000061035156,80.0999984741211,88.11000061035156,39438.0
2024-12-10,81.26000213623047,82.51000213623047,80.0999984741211,80.0999984741211,7407.0
2024-12-09,83.56999969482422,83.56999969482422,81.0,81.26000213623047,901.0
2024-12-06,84.8499984741211,84.9000015258789,81.05999755859375,83.56999969482422,1906.0
2024-12-05,90.0,90.0,80.0,80.69999694824219,1358.0
2024-12-04,84.98999786376953,84.98999786376953,83.0,84.9000015258789,524.0
2024-12-03,80.0,82.6500015258789,80.0,81.2699966430664,6103.0
2024-12-02,80.98999786376953,80.98999786376953,80.0,80.9800033569336,1164.0
2024-11-29,81.25,81.25,78.11000061035156,78.12000274658203,1304.0
2024-11-28,81.5,81.5,81.0,81.2300033569336,1551.0
2024-11-27,81.0,81.0,81.0,81.0,750.0
2024-11-26,78.69999694824219,81.25,78.69999694824219,80.61000061035156,400.0
2024-11-25,81.1500015258789,81.25,81.0,81.0999984741211,3750.0
2024-11-22,82.5,82.5,81.0,81.27999877929688,152.0
2024-11-21,81.48999786376953,81.48999786376953,81.48999786376953,81.27999877929688,11.0
2024-11-20,81.3499984741211,81.3499984741211,81.0,81.27999877929688,621.0
2024-11-19,81.25,82.0,81.25,81.3499984741211,4160.0
2024-11-18,81.0,81.0999984741211,81.0,81.05999755859375,385.0
2024-11-15,79.33000183105469,83.0,79.33000183105469,81.01000213623047,1241.0
2024-11-14,80.0999984741211,81.0,80.0999984741211,80.0,249.0
2024-11-13,84.0,84.0,78.51000213623047,80.0,205.0
2024-11-12,81.51000213623047,81.51000213623047,79.01000213623047,80.0,3850.0
2024-11-11,82.0,82.0,81.97000122070312,81.2699966430664,11.0
2024-11-08,80.97000122070312,82.66999816894531,78.0,81.2699966430664,21305.0
2024-11-07,83.01000213623047,83.0999984741211,75.1500015258789,75.1500015258789,2105.0
2024-11-06,77.44999694824219,81.38999938964844,74.0999984741211,81.38999938964844,11154.0
2024-11-05,74.98999786376953,74.98999786376953,73.0999984741211,73.98999786376953,1369.0
2024-11-04,73.0,79.0,68.25,72.11000061035156,2597.0
2024-11-01,72.20999908447266,72.20999908447266,72.20999908447266,72.20999908447266,0.0
2024-10-31,74.48999786376953,74.48999786376953,70.0,72.20999908447266,22.0
2024-10-30,75.0,75.0,75.0,72.20999908447266,1.0
2024-10-29,74.98999786376953,74.98999786376953,63.09999847412109,72.20999908447266,5731.0
2024-10-28,75.0,75.0,68.01000213623047,69.83999633789062,2648.0
2024-10-25,77.0,78.0,70.16000366210938,75.33999633789062,3968.0
2024-10-24,78.9000015258789,79.80000305175781,77.0,77.94999694824219,2689.0
2024-10-23,75.0,77.5,74.98999786376953,76.7699966430664,1915.0
2024-10-22,70.0,71.8499984741211,70.0,71.4800033569336,1555.0
2024-10-21,69.9000015258789,71.69999694824219,69.9000015258789,66.0,260.0
2024-10-18,69.0,69.0,69.0,66.0,50.0
2024-10-17,66.0,69.0,66.0,66.0,60.0
2024-10-16,66.0,66.0,66.0,66.0,0.0
2024-10-15,66.0,66.0,66.0,66.0,0.0
2024-10-14,66.0,66.0,66.0,66.0,0.0
2024-10-11,62.13999938964844,62.13999938964844,62.09999847412109,66.0,50.0
2024-10-10,66.0,69.94999694824219,66.0,66.0,1415.0
2024-10-09,63.9900016784668,63.9900016784668,63.9900016784668,63.9900016784668,0.0
2024-10-08,63.9900016784668,63.9900016784668,63.9900016784668,63.9900016784668,1.0
2024-10-07,64.0199966430664,64.0199966430664,64.0199966430664,63.9900016784668,2.0
2024-10-04,63.9900016784668,63.9900016784668,63.9900016784668,63.9900016784668,0.0
2024-10-03,68.5,68.5,63.09999847412109,63.9900016784668,601.0
2024-10-02,69.0,69.0,67.0,67.25,644.0
2024-10-01,69.0,70.0,62.310001373291016,68.11000061035156,2851.0
2024-09-30,69.0,69.0,69.0,69.0,250.0
2024-09-27,69.0,69.0,69.0,69.0,500.0
2024-09-26,69.0,69.0,68.0,68.70999908447266,553.0
2024-09-25,66.11000061035156,66.11000061035156,66.11000061035156,66.11000061035156,0.0
2024-09-24,66.51000213623047,66.51000213623047,66.0,66.11000061035156,639.0
2024-09-23,66.83000183105469,66.83000183105469,66.83000183105469,66.83000183105469,0.0
2024-09-20,66.51000213623047,67.25,66.5,66.83000183105469,1898.0
2024-09-19,70.0,70.25,65.0,65.04000091552734,2003.0
2024-09-18,71.5,71.5,71.5,71.5,400.0
2024-09-13,72.0,72.0,72.0,73.0,200.0
2024-09-12,73.0,73.0,73.0,73.0,0.0
2024-09-11,72.25,73.0,72.25,73.0,10.0
2024-09-10,73.0,73.0,73.0,73.0,1000.0
2024-09-09,73.0,73.0,73.0,73.0,0.0
2024-09-06,73.0,73.0,73.0,73.0,0.0
2024-09-05,73.0,73.0,73.0,73.0,0.0
2024-09-04,73.0,73.0,73.0,73.0,0.0
2024-09-03,73.0,73.0,73.0,73.0,100.0
2024-09-02,73.0,73.0,73.0,73.0,0.0
2024-08-30,73.0,73.0,73.0,73.0,0.0
2024-08-29,70.0,73.0,70.0,73.0,2212.0
2024-08-28,69.0,71.0,69.0,70.5999984741211,2570.0
2024-08-27,72.98999786376953,72.98999786376953,72.98999786376953,70.0,14.0
2024-08-26,70.0,70.0,70.0,70.0,0.0
2024-08-23,72.44999694824219,72.44999694824219,71.0,70.0,270.0
2024-08-22,68.0,70.0,68.0,70.0,502.0
2024-08-21,68.0,68.0,68.0,68.0,500.0
2024-08-20,68.0,68.01000213623047,67.0,67.95999908447266,407.0
2024-08-19,69.0199966430664,69.98999786376953,68.5999984741211,68.94999694824219,672.0
2024-08-16,70.0,70.0,70.0,70.0,602.0
2024-08-15,73.0,73.0,73.0,70.02999877929688,25.0
2024-08-14,70.02999877929688,70.02999877929688,70.02999877929688,70.02999877929688,0.0
2024-08-13,70.02999877929688,70.02999877929688,70.02999877929688,70.02999877929688,0.0
2024-08-12,72.0,72.0,72.0,70.02999877929688,10.0
2024-08-09,70.01000213623047,73.0,70.01000213623047,70.02999877929688,11.0
2024-08-08,70.02999877929688,70.02999877929688,70.02999877929688,70.02999877929688,0.0
2024-08-07,72.51000213623047,77.0,69.7699966430664,70.02999877929688,2029.0
2024-08-06,74.11000061035156,84.94999694824219,74.11000061035156,77.5199966430664,3.0
2024-08-05,77.5199966430664,77.5199966430664,77.5199966430664,77.5199966430664,0.0
2024-08-02,77.5199966430664,77.5199966430664,77.5199966430664,77.5199966430664,0.0
2024-08-01,78.0,79.0,78.0,77.5199966430664,200.0
2024-07-31,80.0,80.0,80.0,77.5199966430664,25.0
2024-07-30,77.5199966430664,77.5199966430664,77.5199966430664,77.5199966430664,0.0
2024-07-29,80.8499984741211,81.0,74.25,77.5199966430664,31.0
2024-07-26,79.0,79.0,77.5,77.5199966430664,1692.0
2024-07-25,74.01000213623047,83.0,74.01000213623047,74.13999938964844,511.0
2024-07-24,82.0,82.0,82.0,82.0,0.0
2024-07-23,85.0,85.0,85.0,82.0,1.0
2024-07-22,82.0,82.0,82.0,82.0,0.0
2024-07-19,82.0,86.0,82.0,82.0,3736.0
2024-07-18,84.25,89.0,84.25,85.43000030517578,423.0
2024-07-17,81.6500015258789,81.6500015258789,81.6500015258789,81.6500015258789,0.0
2024-07-16,81.6500015258789,81.6500015258789,81.6500015258789,81.6500015258789,0.0
2024-07-15,93.0,93.0,81.25,81.6500015258789,2695.0
2024-07-12,89.9800033569336,89.9800033569336,89.9800033569336,89.36000061035156,4.0
2024-07-11,89.36000061035156,89.36000061035156,89.36000061035156,89.36000061035156,0.0
2024-07-10,95.87999725341795,95.87999725341795,89.0999984741211,89.36000061035156,1592.0
2024-07-09,97.9800033569336,97.9800033569336,92.91999816894533,92.91999816894533,3405.0
2024-07-08,105.0,105.0,105.0,102.66999816894533,1.0
2024-07-05,102.66999816894533,102.66999816894533,102.66999816894533,102.66999816894533,0.0
2024-07-04,97.0,98.98999786376952,96.97000122070312,102.66999816894533,103.0
2024-07-03,99.0,99.98999786376952,99.0,102.66999816894533,141.0
2024-07-02,102.66999816894533,102.66999816894533,102.66999816894533,102.66999816894533,0.0
2024-07-01,102.66999816894533,102.66999816894533,102.66999816894533,102.66999816894533,0.0
2024-06-28,93.43000030517578,99.9800033569336,93.43000030517578,102.66999816894533,2.0
2024-06-27,102.66999816894533,102.66999816894533,102.66999816894533,102.66999816894533,0.0
2024-06-26,100.0,100.0,99.0,102.66999816894533,125.0
2024-06-25,94.0999984741211,94.0999984741211,94.01000213623048,102.66999816894533,221.0
2024-06-24,102.66999816894533,102.66999816894533,102.66999816894533,102.66999816894533,0.0
2024-06-21,102.66999816894533,102.66999816894533,102.66999816894533,102.66999816894533,0.0
2024-06-20,102.66999816894533,102.66999816894533,102.66999816894533,102.66999816894533,15000.0
2024-06-14,94.0,102.0,94.0,102.66999816894533,69.0
2024-06-13,102.66999816894533,102.66999816894533,102.66999816894533,102.66999816894533,0.0
2024-06-12,103.0,103.0,94.01000213623048,102.66999816894533,3.0
2024-06-11,103.0,103.0,101.9800033569336,102.66999816894533,3601.0
2024-06-10,100.0,100.0,100.0,100.0,0.0
2024-06-07,104.0,104.0,104.0,100.0,1.0
2024-06-06,99.75,101.98999786376952,95.0,100.0,232.0
2024-06-05,103.0,104.5,103.0,100.0,1800.0
2024-06-04,100.0,100.0,100.0,100.0,2000.0
2024-06-03,100.0,105.0,100.0,100.01000213623048,2048.0
2024-05-31,104.0,106.0,104.0,106.0,36821.0
2024-05-30,96.01000213623048,105.0,96.01000213623048,105.0,11652.0
2024-05-29,94.02999877929688,104.0,94.02999877929688,102.0,4000.0
2024-05-28,102.0,102.0,102.0,102.0,0.0
2024-05-27,108.73999786376952,108.73999786376952,100.0,102.0,4102.0
2024-05-24,103.0,103.0,103.0,103.0,500.0
2024-05-23,100.0,100.0,92.5,98.5500030517578,8000.0
2024-05-22,100.0,100.0,100.0,100.0,0.0
2024-05-21,97.0,100.94000244140624,94.0,100.0,43500.0
2024-05-20,89.9000015258789,93.9000015258789,89.9000015258789,93.9000015258789,9500.0
2024-05-17,89.0999984741211,89.0999984741211,89.0999984741211,89.0999984741211,0.0
2024-05-16,89.0999984741211,89.0999984741211,89.0999984741211,89.0999984741211,0.0
2024-05-15,95.73999786376952,95.73999786376952,89.0999984741211,89.0999984741211,1500.0
2024-05-14,95.73999786376952,95.73999786376952,95.73999786376952,95.73999786376952,0.0
2024-05-13,90.0,95.73999786376952,90.0,95.73999786376952,3000.0
2024-05-10,95.88999938964844,95.88999938964844,95.88999938964844,95.88999938964844,0.0
2024-05-09,91.0,95.88999938964844,91.0,95.88999938964844,1000.0
2024-05-08,97.9000015258789,97.9000015258789,97.9000015258789,97.9000015258789,0.0
2024-05-07,96.0,97.9000015258789,96.0,97.9000015258789,5500.0
2024-05-06,92.5,100.0,92.5,100.0,10500.0
2024-05-03,93.5,93.5,93.5,93.5,0.0
2024-05-02,92.75,94.73999786376952,92.75,93.5,3000.0
2024-04-30,91.98999786376952,92.8499984741211,88.0,91.33999633789062,12000.0
2024-04-29,85.0,87.12999725341797,84.88999938964844,87.08999633789062,15500.0
2024-04-26,79.98999786376953,81.05000305175781,79.98999786376953,81.05000305175781,11000.0
2024-04-25,74.55000305175781,75.4000015258789,74.55000305175781,75.4000015258789,3000.0
2024-04-24,69.9800033569336,70.13999938964844,69.9800033569336,70.13999938964844,23500.0
2024-04-23,65.25,65.25,65.25,65.25,0.0
2024-04-22,65.25,65.25,65.25,65.25,500.0
2024-04-19,70.5,70.5,70.5,70.5,500.0
2024-04-18,70.4000015258789,70.4000015258789,70.4000015258789,70.4000015258789,0.0
2024-04-17,70.4000015258789,70.4000015258789,70.4000015258789,70.4000015258789,0.0
2024-04-16,70.4000015258789,70.4000015258789,70.4000015258789,70.4000015258789,0.0
2024-04-15,70.4000015258789,70.4000015258789,70.4000015258789,70.4000015258789,0.0
2024-04-10,70.4000015258789,70.4000015258789,70.4000015258789,70.4000015258789,0.0
2024-04-09,70.4000015258789,70.4000015258789,70.4000015258789,70.4000015258789,0.0
2024-04-08,70.4000015258789,70.4000015258789,70.4000015258789,70.4000015258789,0.0
2024-04-05,70.4000015258789,70.4000015258789,70.4000015258789,70.4000015258789,0.0
2024-04-04,70.4000015258789,70.4000015258789,70.4000015258789,70.4000015258789,0.0
2024-04-03,70.4000015258789,70.4000015258789,70.4000015258789,70.4000015258789,0.0
2024-04-02,70.4000015258789,70.4000015258789,70.4000015258789,70.4000015258789,0.0
2024-04-01,70.4000015258789,70.4000015258789,70.4000015258789,70.4000015258789,0.0
2024-03-29,70.4000015258789,70.4000015258789,70.4000015258789,70.4000015258789,0.0
2024-03-28,70.4000015258789,70.4000015258789,70.4000015258789,70.4000015258789,0.0
2024-03-27,67.9000015258789,72.9000015258789,67.9000015258789,70.4000015258789,23000.0
2024-03-26,68.0,68.0,68.0,68.0,0.0
2024-03-22,68.0,68.0,68.0,68.0,500.0
2024-03-21,68.0,68.0,68.0,68.0,0.0
2024-03-20,68.0,68.0,68.0,68.0,0.0
2024-03-19,68.0,68.0,68.0,68.0,0.0
2024-03-18,68.0,68.0,68.0,68.0,0.0
2024-03-15,68.0,68.0,68.0,68.0,500.0
2024-03-14,68.01000213623047,68.01000213623047,68.01000213623047,68.01000213623047,0.0
2024-03-13,68.01000213623047,68.01000213623047,68.01000213623047,68.01000213623047,0.0
2024-03-12,68.01000213623047,68.01000213623047,68.01000213623047,68.01000213623047,0.0
2024-03-11,68.01000213623047,68.01000213623047,68.01000213623047,68.01000213623047,0.0
2024-03-08,68.01000213623047,68.01000213623047,68.01000213623047,68.01000213623047,500.0
2024-03-07,68.0999984741211,68.0999984741211,68.01000213623047,68.01000213623047,187500.0
2024-03-06,72.44000244140625,72.44000244140625,72.44000244140625,72.44000244140625,0.0
2024-03-05,72.44000244140625,72.44000244140625,72.44000244140625,72.44000244140625,0.0
2024-03-04,72.44000244140625,72.44000244140625,72.44000244140625,72.44000244140625,0.0
2024-03-01,72.44000244140625,72.44000244140625,72.44000244140625,72.44000244140625,0.0
2024-02-29,72.44000244140625,72.44000244140625,72.44000244140625,72.44000244140625,500.0
2024-02-28,78.30999755859375,78.30999755859375,78.30999755859375,78.30999755859375,0.0
2024-02-27,78.30999755859375,78.30999755859375,78.30999755859375,78.30999755859375,0.0
2024-02-26,78.30999755859375,78.30999755859375,78.30999755859375,78.30999755859375,0.0
2024-02-23,78.30999755859375,78.30999755859375,78.30999755859375,78.30999755859375,0.0
2024-02-22,78.30999755859375,78.30999755859375,78.30999755859375,78.30999755859375,0.0
2024-02-21,74.0,78.30999755859375,74.0,78.30999755859375,21000.0
2024-02-20,75.94999694824219,75.94999694824219,75.94999694824219,75.94999694824219,0.0
2024-02-19,75.94999694824219,75.94999694824219,75.94999694824219,75.94999694824219,0.0
2024-02-16,75.94999694824219,75.94999694824219,75.94999694824219,75.94999694824219,0.0
2024-02-15,75.94999694824219,75.94999694824219,75.94999694824219,75.94999694824219,0.0
2024-02-14,75.94999694824219,75.94999694824219,75.94999694824219,75.94999694824219,0.0
2024-02-13,75.94999694824219,75.94999694824219,75.94999694824219,75.94999694824219,500.0
2024-02-12,75.0,75.0,75.0,75.0,0.0
2024-02-09,75.0,75.0,75.0,75.0,500.0
2024-02-08,71.25,71.25,71.25,71.25,0.0
2024-02-07,71.25,71.25,71.25,71.25,1000.0
2024-02-06,77.0,77.0,77.0,77.0,0.0
2024-02-05,77.0,77.0,77.0,77.0,0.0
2024-02-02,77.0,77.0,77.0,77.0,0.0
2024-02-01,77.0,77.0,77.0,77.0,0.0
2024-01-31,77.0,77.0,77.0,77.0,0.0
2024-01-30,80.0,80.0,77.0,77.0,1500.0
2024-01-29,79.0,79.0,79.0,79.0,0.0
2024-01-26,79.0,79.0,79.0,79.0,0.0
2024-01-25,79.0,79.0,79.0,79.0,500.0
2024-01-24,76.0,76.0,76.0,76.0,0.0
2024-01-23,76.0,76.0,76.0,76.0,0.0
2024-01-22,76.0,76.0,76.0,76.0,0.0
2024-01-19,76.0,76.0,76.0,76.0,0.0
2024-01-18,78.0,78.0,76.0,76.0,1500.0
2024-01-17,75.9748427672956,75.9748427672956,75.5,75.5,1000.0
2024-01-16,76.92453002929688,76.92453002929688,76.92453002929688,76.92453002929688,0.0
2024-01-15,76.92453002929688,76.92453002929688,76.92453002929688,76.92453002929688,0.0
2024-01-12,76.92453002929688,76.92453002929688,76.92453002929688,76.92453002929688,0.0
2024-01-11,76.92453002929688,76.92453002929688,76.92453002929688,76.92453002929688,500.0
2024-01-10,75.5,75.5,75.5,75.5,0.0
2024-01-09,75.5,75.9748427672956,73.12578616352201,75.5,4000.0
2024-01-08,76.44968099594116,77.39936647415162,75.97483825683594,75.97483825683594,5500.0
2024-01-05,76.92452755255839,78.81439971923828,76.44968478988827,78.81439971923828,1500.0
2024-01-04,78.82389471104429,78.82389471104429,78.72892761230469,78.72892761230469,4000.0
2024-01-03,76.92452740164563,78.82389844859985,75.02515635469142,77.90270233154297,12000.0
2024-01-02,78.5104975105742,78.5104975105742,78.33955383300781,78.33955383300781,1000.0
2024-01-01,77.87421050484683,79.48867294637134,77.86471162116013,78.510498046875,8500.0
2023-12-29,75.97483825683594,75.97483825683594,75.97483825683594,75.97483825683594,0.0
2023-12-28,77.87420921325683,78.82389469146729,75.97483825683594,75.97483825683594,13500.0
2023-12-27,77.7127685546875,77.7127685546875,77.7127685546875,77.7127685546875,0.0
2023-12-26,77.7127685546875,77.7127685546875,77.7127685546875,77.7127685546875,0.0
2023-12-25,77.7127685546875,77.7127685546875,77.7127685546875,77.7127685546875,0.0
2023-12-22,77.7127685546875,77.7127685546875,77.7127685546875,77.7127685546875,0.0
2023-12-21,77.7127685546875,77.7127685546875,77.7127685546875,77.7127685546875,0.0
2023-12-20,77.7127685546875,77.7127685546875,77.7127685546875,77.7127685546875,0.0
2023-12-19,77.7127685546875,77.7127685546875,77.7127685546875,77.7127685546875,0.0
2023-12-18,77.7127685546875,77.7127685546875,77.7127685546875,77.7127685546875,0.0
2023-12-15,75.97484229819025,78.58647750219055,75.97484229819025,77.7127685546875,1500.0
2023-12-14,73.12578582763672,73.12578582763672,73.12578582763672,73.12578582763672,500.0
2023-12-13,75.97483825683594,75.97483825683594,75.97483825683594,75.97483825683594,0.0
2023-12-12,75.97483825683594,75.97483825683594,75.97483825683594,75.97483825683594,500.0
2023-12-11,80.7232666015625,80.7232666015625,80.7232666015625,80.7232666015625,0.0
2023-12-08,80.7232666015625,80.7232666015625,80.7232666015625,80.7232666015625,0.0
2023-12-07,80.7232666015625,80.7232666015625,80.7232666015625,80.7232666015625,0.0
2023-12-06,80.7232666015625,80.7232666015625,80.7232666015625,80.7232666015625,0.0
2023-12-05,80.7232666015625,80.7232666015625,80.7232666015625,80.7232666015625,0.0
2023-12-04,80.7232666015625,80.7232666015625,80.7232666015625,80.7232666015625,0.0
2023-12-01,80.7232666015625,83.56282418621156,80.7232666015625,80.7232666015625,10000.0
2023-11-30,80.7232666015625,80.7232666015625,80.7232666015625,80.7232666015625,0.0
2023-11-29,80.7232666015625,80.7232666015625,80.7232666015625,80.7232666015625,0.0
2023-11-28,80.7232666015625,80.7232666015625,80.7232666015625,80.7232666015625,0.0
2023-11-27,80.7232666015625,80.7232666015625,80.7232666015625,80.7232666015625,0.0
2023-11-24,80.7232666015625,80.7232666015625,80.7232666015625,80.7232666015625,13000.0
2023-11-23,80.7232666015625,80.7232666015625,80.7232666015625,80.7232666015625,0.0
2023-11-22,80.7232666015625,80.7232666015625,80.7232666015625,80.7232666015625,2000.0
2023-11-21,80.7232666015625,80.7232666015625,80.7232666015625,80.7232666015625,0.0
2023-11-20,80.7232666015625,80.7232666015625,80.7232666015625,80.7232666015625,1000.0
2023-11-17,80.7232666015625,80.7232666015625,80.7232666015625,80.7232666015625,0.0
2020-10-08,72.01,72.01,72.0,72.0,1000.0
2020-10-05,70.0,76.44,70.0,76.44,2500.0
2020-10-02,72.0,76.49,69.21,72.0,3000.0
2020-10-01,74.74,74.74,74.74,74.74,500.0
2020-09-30,70.0,71.87,70.0,71.87,1500.0
2020-09-29,68.1,68.1,68.0,68.0,1000.0
2020-09-28,71.0,71.0,71.0,71.0,500.0
2020-09-18,73.01,73.01,72.5,72.5,2000.0
2020-09-14,72.01,77.5,72.0,77.5,16000.0
2020-09-10,75.0,75.0,75.0,75.0,1000.0
2020-09-09,69.15,75.0,69.15,75.0,42000.0
2020-09-08,73.05,73.05,73.0,73.03,1500.0
2020-08-31,81.0,81.0,73.0,73.0,6000.0
2020-08-28,77.33,77.33,76.0,76.0,4000.0
2020-08-27,68.1,73.0,68.1,71.94,6500.0
2020-08-26,0.0,70.0,70.0,68.0,500.0
2020-08-25,68.0,68.0,68.0,68.0,2500.0
2020-08-24,68.1,68.1,68.0,68.0,1000.0
2020-08-20,70.5,71.0,70.0,70.0,1500.0
2020-08-18,72.5,72.5,72.5,72.5,500.0
2020-08-17,67.0,74.71,67.0,74.27,20000.0
2020-08-13,68.25,69.5,68.25,69.5,1500.0
2020-08-12,69.4,70.75,68.3,70.63,6000.0
2020-08-11,67.1,67.1,67.1,67.1,1000.0
2020-08-10,65.0,68.0,65.0,68.0,4500.0
2020-08-07,65.0,65.0,65.0,65.0,25500.0
2020-08-05,64.5,66.1,64.5,66.02,7000.0
2020-08-04,68.0,68.0,68.0,68.0,500.0
2020-08-03,63.0,68.0,63.0,68.0,8500.0
2020-07-30,64.0,68.24,63.0,64.76,13000.0
2020-07-29,61.0,63.55,61.0,63.55,38500.0
2020-07-28,57.5,59.12,57.5,59.12,17000.0
2020-07-27,54.6,55.0,54.6,55.0,1000.0
2020-07-24,55.5,55.5,55.3,55.3,1000.0
2020-07-23,55.1,55.1,55.1,55.1,500.0
2020-07-22,56.0,56.5,55.01,55.01,3000.0
2020-07-21,52.5,54.85,52.5,54.45,3000.0
2020-07-20,51.5,51.95,50.0,51.95,13500.0
2020-07-17,55.0,56.0,51.0,51.5,12000.0
2020-07-16,50.55,53.99,48.5,52.42,12000.0
2020-07-15,52.0,54.0,51.0,52.03,5000.0
2020-07-10,52.6,52.6,52.6,52.6,1000.0
2020-07-09,54.1,54.2,54.1,54.2,2000.0
2020-07-08,54.5,56.2,54.5,56.2,1500.0
2020-07-06,58.74,58.74,58.74,58.74,500.0
2020-06-15,60.2,63.5,60.2,63.5,1500.0
2020-06-11,0.0,64.5,64.5,65.0,25000.0
2020-06-09,65.0,65.0,65.0,65.0,1500.0
2020-06-08,65.0,65.0,64.99,65.0,6000.0
2020-06-03,67.5,67.5,67.5,67.5,1000.0
2020-06-01,0.0,69.89,69.89,69.89,0.0
2020-05-28,69.9,69.9,69.9,69.9,1000.0
2020-05-21,70.19,70.19,65.0,69.0,26000.0
2020-05-20,58.01,65.3,58.01,65.3,4000.0
2020-05-19,62.47,62.48,62.47,62.48,1500.0
2020-05-18,58.13,58.13,58.13,58.13,500.0
2020-05-15,54.08,54.08,54.08,54.08,1000.0
2020-05-14,50.31,50.31,50.31,50.31,500.0
2020-05-13,54.3,54.3,46.8,46.8,1000.0
2020-05-12,50.52,50.52,50.52,50.52,500.0
2020-04-28,47.0,47.0,47.0,47.0,500.0
2020-04-16,0.0,45.5,45.5,44.0,1000.0
2020-04-09,44.0,44.0,44.0,44.0,1000.0
2020-04-01,47.0,47.0,45.0,45.01,9500.0
2020-03-27,48.0,48.0,48.0,48.0,500.0
2020-03-26,45.0,45.0,45.0,45.0,2500.0
2020-03-20,45.01,45.01,42.0,45.0,15000.0
2020-03-18,45.0,45.0,44.5,44.5,3500.0
2020-03-17,45.0,45.0,45.0,45.0,2000.0
2020-03-16,48.1,48.1,48.1,48.1,1000.0
2020-03-13,49.0,49.0,49.0,49.0,500.0
2020-03-09,50.0,50.0,50.0,50.0,500.0
2020-03-05,50.0,53.0,50.0,52.01,15500.0
2020-03-02,52.5,52.5,52.5,52.5,500.0
2020-02-14,56.0,58.0,56.0,56.0,5000.0
2020-02-12,58.0,58.0,58.0,58.0,2000.0
2020-02-11,58.0,58.0,58.0,58.0,1000.0
2020-02-10,58.0,58.0,58.0,58.0,1000.0
2020-02-07,59.0,60.0,59.0,60.0,3000.0
2020-02-04,60.0,64.5,60.0,62.25,2000.0
2020-02-03,0.0,58.6,58.6,62.0,1500.0
2020-01-31,0.0,62.0,62.0,62.0,0.0
2020-01-29,63.3,63.3,59.5,62.22,7500.0
2020-01-28,57.0,60.0,57.0,60.0,2000.0
2020-01-23,0.0,57.5,57.5,57.0,500.0
2020-01-16,57.0,57.0,57.0,57.0,500.0
2020-01-15,58.0,58.01,58.0,58.01,2500.0
2020-01-14,58.01,58.01,58.01,58.01,500.0
2020-01-13,60.0,60.0,58.0,58.0,47000.0
2020-01-09,57.05,59.59,57.0,59.05,3000.0
2020-01-08,56.02,57.0,56.0,57.0,4000.0
2020-01-06,58.0,58.0,57.2,58.0,41500.0
2020-01-03,60.0,60.0,60.0,60.0,5000.0
2020-01-01,60.0,60.0,60.0,60.0,2000.0
2019-12-31,60.0,60.0,60.0,60.0,1500.0
2019-12-30,62.0,62.0,60.0,60.0,2000.0
2019-12-27,61.1,61.1,61.0,61.0,3000.0
2019-12-26,61.0,61.0,61.0,61.0,3000.0
2019-12-24,58.96,58.97,58.96,58.97,4500.0
2019-12-23,62.06,62.06,62.06,62.06,4500.0
2019-12-20,65.3,65.3,65.3,65.3,500.0
2019-12-19,62.23,62.23,62.23,62.23,500.0
2019-12-17,67.0,67.0,65.5,65.5,1000.0
2019-12-16,64.5,67.2,64.5,67.18,7500.0
2019-12-13,64.0,66.0,64.0,64.0,3000.0
2019-12-12,63.01,64.0,63.0,63.0,3000.0
2019-12-11,63.51,64.99,63.0,64.99,1500.0
2019-12-10,65.51,65.51,65.0,65.34,1500.0
2019-12-09,69.9,69.9,67.0,67.0,1000.0
2019-12-06,68.99,68.99,68.99,68.99,500.0
2019-12-05,67.5,67.5,64.61,67.5,9000.0
2019-12-04,69.75,69.75,65.01,67.9,5000.0
2019-12-03,63.15,66.45,63.0,66.45,5500.0
2019-12-02,65.98,65.98,64.95,65.95,18000.0
2019-11-29,62.84,62.84,62.84,62.84,1000.0
2019-11-28,59.47,59.85,59.47,59.85,7000.0
2019-11-27,56.99,57.0,56.99,57.0,6000.0
2019-11-26,55.75,55.75,55.0,55.0,30000.0
2019-11-25,56.98,56.98,55.5,55.6,10500.0
2019-11-22,54.58,55.0,54.58,55.0,5000.0
2019-11-21,55.01,55.01,54.58,54.58,25500.0
2019-11-20,58.44,58.44,54.7,57.45,5500.0
2019-11-19,53.12,56.47,53.12,56.47,5000.0
2019-11-18,57.5,57.5,55.5,55.9,3500.0
2019-11-15,56.0,57.99,56.0,57.99,1500.0
2019-11-14,54.59,56.8,54.59,56.65,42000.0
2019-11-12,54.6,54.6,54.6,54.6,4500.0
2019-11-11,52.0,53.01,52.0,52.0,34000.0
2019-11-07,54.0,54.0,53.7,53.7,2500.0
2019-11-06,55.0,56.0,55.0,56.0,4000.0
2019-11-05,55.0,55.0,55.0,55.0,500.0
2019-11-04,52.1,54.99,52.1,54.99,19000.0
2019-11-01,0.0,53.49,53.49,52.5,500.0
2019-10-31,52.5,52.9,52.5,52.5,2500.0
2019-10-30,50.55,52.25,50.55,52.06,14000.0
2019-10-28,52.15,52.15,52.15,52.15,1000.0
2019-10-22,50.0,50.0,50.0,50.0,500.0
2019-10-21,52.45,52.45,50.1,50.37,2500.0
2019-10-18,52.99,53.0,52.0,52.71,3500.0
2019-10-17,54.06,54.06,50.25,52.03,44000.0
2019-10-16,49.5,51.49,49.5,51.49,38000.0
2019-10-15,51.01,51.01,49.04,49.04,3500.0
2019-10-11,51.5,51.5,51.5,51.5,1500.0
2019-10-10,47.55,51.74,47.55,50.16,16000.0
2019-10-09,49.0,49.84,49.0,49.84,2500.0
2019-10-08,50.7,51.0,47.5,48.44,75500.0
2019-10-07,50.0,51.8,49.0,49.12,37000.0
2019-10-04,50.0,50.0,49.99,50.0,8500.0
2019-10-02,50.0,51.8,50.0,50.0,65500.0
2019-10-01,50.0,52.0,49.75,50.22,142000.0
2019-09-30,51.0,52.0,50.55,51.26,22000.0
2019-09-27,50.5,53.2,50.0,53.2,25500.0
2019-09-26,50.01,52.52,49.4,52.52,6000.0
2019-09-25,53.0,55.64,52.0,52.0,71000.0
2019-09-24,53.5,53.5,53.0,53.0,3000.0
2019-09-23,53.4,53.4,49.2,52.51,24000.0
2019-09-19,51.5,51.5,51.0,51.0,7000.0
2019-09-18,47.0,49.59,47.0,49.59,5500.0
2019-09-17,47.5,47.5,47.0,47.25,1000.0
2019-09-11,47.88,47.88,47.88,47.88,500.0
2019-09-06,50.4,50.4,50.4,50.4,1500.0
2019-09-05,48.59,48.59,48.0,48.0,2000.0
2019-09-04,50.0,50.0,45.91,46.28,5500.0
2019-08-29,50.0,50.0,48.31,48.31,20500.0
2019-08-23,48.5,50.85,48.5,50.85,1000.0
2019-08-22,50.0,51.0,49.0,51.0,3000.0
2019-08-21,48.0,49.87,48.0,49.87,12500.0
2019-08-20,48.0,51.9,47.05,47.5,84500.0
2019-08-19,50.2,50.2,49.02,49.5,79500.0
2019-08-01,54.25,54.25,51.0,51.6,3000.0
2019-07-31,51.51,54.0,51.34,52.67,18500.0
2019-07-29,54.04,56.88,54.04,54.04,1000.0
2019-07-26,54.88,60.64,54.88,56.88,3000.0
2019-07-25,57.76,57.76,57.76,57.76,500.0
2019-07-24,58.0,60.82,58.0,60.8,17500.0
2019-07-23,59.8,59.85,56.0,57.93,2000.0
2019-07-22,57.0,57.0,57.0,57.0,500.0
2019-07-19,59.0,59.0,59.0,59.0,2500.0
2019-07-18,0.0,62.1,62.1,62.1,0.0
2019-07-12,0.0,62.16,62.16,62.16,0.0
2019-07-11,0.0,62.28,62.28,62.28,0.0
2019-07-05,0.0,62.73,62.73,62.73,0.0
2019-07-01,0.0,64.34,64.34,64.34,0.0
2019-06-28,65.0,65.0,65.0,65.0,500.0
2019-06-27,0.0,62.2,62.2,62.2,0.0
2019-06-25,0.0,64.34,64.34,64.34,0.0
2019-06-18,65.0,65.0,65.0,65.0,500.0
2019-06-14,60.0,63.0,60.0,63.0,1000.0
2019-05-24,61.75,61.75,61.75,61.75,500.0
2019-05-23,60.0,60.0,60.0,60.0,500.0
2019-05-22,57.7,57.7,57.7,57.7,500.0
2019-05-20,55.0,55.0,55.0,55.0,500.0
2019-05-14,53.0,53.0,52.8,52.8,4500.0
2019-05-02,58.0,58.0,54.82,54.82,11000.0
2019-04-30,55.0,57.7,55.0,57.7,5500.0
2019-04-29,55.5,55.5,55.0,55.04,12500.0
2019-04-23,55.1,55.1,55.1,55.1,4500.0
2019-04-17,58.21,58.21,58.0,58.0,4000.0
2019-04-16,61.0,61.0,61.0,61.0,500.0
2019-04-15,58.0,58.8,57.0,58.8,4500.0
2019-04-12,56.0,56.0,55.5,56.0,41000.0
2019-04-11,57.0,57.0,56.0,56.0,41000.0
2019-04-10,58.0,58.0,58.0,58.0,25000.0
2019-04-09,58.0,58.0,58.0,58.0,15500.0
2019-04-08,58.0,58.0,58.0,58.0,1500.0
2019-04-05,60.0,60.0,60.0,60.0,500.0
2019-03-28,58.0,58.0,58.0,58.0,1000.0
2019-03-27,60.5,60.5,60.5,60.5,1000.0
2019-03-26,62.0,62.0,62.0,62.0,2000.0
2019-03-21,62.0,62.0,62.0,62.0,3500.0
2019-03-19,62.0,62.0,62.0,62.0,500.0
2019-03-15,62.0,62.0,62.0,62.0,1000.0
2019-03-13,62.0,62.5,62.0,62.5,2500.0
2019-03-11,0.0,64.99,64.99,65.0,1000.0
2019-03-01,65.0,65.0,65.0,65.0,500.0
2019-02-28,60.0,62.0,60.0,62.0,5500.0
2019-02-27,60.0,60.0,60.0,60.0,2500.0
2019-02-26,62.0,62.0,62.0,62.0,1000.0
2019-02-21,61.5,61.5,61.01,61.01,1000.0
2019-02-20,64.0,64.0,63.99,63.99,1500.0
2019-02-19,64.0,64.0,64.0,64.0,500.0
2019-02-13,60.0,62.0,60.0,61.0,12000.0
2019-02-12,64.0,64.0,61.75,61.75,25000.0
2019-02-08,69.9,69.9,65.0,65.0,1500.0
2019-01-31,65.0,67.96,65.0,67.96,3000.0
2019-01-30,65.0,65.0,64.1,64.74,3500.0
2019-01-29,69.0,69.0,66.75,66.75,3500.0
2019-01-28,69.0,69.0,68.4,69.0,14500.0
2019-01-24,72.0,72.0,72.0,72.0,3000.0
2019-01-22,0.0,73.0,73.0,73.0,500.0
2019-01-21,73.0,73.0,73.0,73.0,1000.0
2019-01-16,74.0,74.0,72.0,72.35,5000.0
2019-01-15,71.0,73.0,71.0,73.0,4500.0
2019-01-14,74.43,74.43,70.5,72.5,129500.0
2019-01-11,70.89,70.89,70.89,70.89,1000.0
2019-01-10,67.52,67.52,67.52,67.52,500.0
2019-01-09,64.31,64.31,64.31,64.31,500.0
2019-01-08,64.0,64.3,61.25,61.25,2000.0
2019-01-07,61.25,61.25,61.25,61.25,500.0
2019-01-04,61.25,61.25,61.25,61.25,1000.0
2019-01-03,64.47,64.47,64.47,64.47,4000.0
2019-01-02,70.99,70.99,67.86,67.86,1500.0
2019-01-01,71.41,72.01,71.41,71.41,3500.0
2018-12-31,75.51,76.49,75.16,75.16,6000.0
2018-12-28,76.5,79.27,76.5,79.11,7500.0
2018-12-27,75.0,76.1,74.0,75.5,13500.0
2018-12-26,75.0,76.0,75.0,76.0,3000.0
2018-12-24,75.05,75.05,75.05,75.05,1500.0
2018-12-14,83.0,83.0,79.0,79.0,3000.0
2018-12-13,83.0,83.0,83.0,83.0,500.0
2018-12-11,82.1,87.4,82.1,86.0,11000.0
2018-12-10,85.0,85.0,83.0,83.24,21500.0
2018-12-07,82.0,86.77,81.88,86.7,106500.0
2018-12-06,82.64,82.64,81.0,82.64,110000.0
2018-12-05,78.69,78.71,78.68,78.71,103500.0
2018-12-04,74.75,74.97,74.75,74.97,9000.0
2018-12-03,67.0,71.4,67.0,71.4,12000.0
2018-11-27,67.99,68.0,67.99,68.0,1500.0
2018-11-26,65.0,68.0,65.0,68.0,10000.0
2018-11-20,66.5,67.99,66.5,67.25,1000.0
2018-11-19,64.99,65.04,64.99,65.04,8000.0
2018-11-15,61.95,61.95,61.95,61.95,22500.0
2018-11-13,60.0,60.0,57.5,59.0,10000.0
2018-11-07,0.0,60.0,60.0,60.0,2500.0
2018-11-06,60.0,60.0,60.0,60.0,1000.0
2018-11-01,57.75,59.95,57.75,59.95,5500.0
2018-10-31,57.1,57.1,57.1,57.1,500.0
2018-10-30,57.99,57.99,57.99,57.99,500.0
2018-10-29,58.0,58.0,56.0,56.0,5000.0
2018-10-26,56.0,58.0,56.0,58.0,16000.0
2018-10-24,55.9,56.04,55.9,56.04,36500.0
2018-10-23,55.95,53.38,53.38,53.38,500.0
2018-10-22,55.5,58.0,53.38,53.38,64000.0
2018-10-19,56.1,56.18,56.1,56.18,55500.0
2018-10-18,53.99,55.0,52.01,53.51,4500.0
2018-10-17,50.1,53.2,50.1,53.2,4000.0
2018-10-15,51.55,51.55,51.55,51.55,500.0
2018-10-09,51.78,57.0,51.78,54.26,1500.0
2018-10-08,52.0,54.5,52.0,54.5,1000.0
2018-10-05,54.39,54.8,54.39,54.6,1000.0
2018-10-04,56.0,57.49,56.0,57.25,8000.0
2018-10-03,57.0,57.0,57.0,57.0,500.0
2018-10-02,52.5,56.7,52.5,55.09,2000.0
2018-09-28,54.0,54.0,54.0,54.0,3500.0
2018-09-27,55.0,55.0,52.01,53.51,1000.0
2018-09-26,52.51,52.51,52.51,52.51,500.0
2018-09-25,54.05,54.05,54.05,54.05,500.0
2018-09-24,56.0,57.75,55.1,55.94,5500.0
2018-09-19,57.5,58.0,57.5,57.99,4500.0
2018-09-18,58.5,58.5,57.01,57.73,3500.0
2018-09-14,58.0,58.0,58.0,58.0,1000.0
2018-09-13,56.99,56.99,56.99,56.99,500.0
2018-09-12,54.0,56.0,54.0,55.0,2500.0
2018-09-11,53.5,57.0,53.5,53.51,1500.0
2018-09-10,56.0,56.0,56.0,56.0,500.0
2018-09-07,58.49,58.49,54.22,54.22,1000.0
2018-09-06,54.0,57.07,54.0,57.07,1000.0
2018-09-05,54.33,57.5,54.33,54.36,1500.0
2018-08-31,56.0,57.95,56.0,57.18,17000.0
2018-08-28,57.16,59.5,57.16,58.56,1500.0
2018-08-27,0.0,59.95,59.95,59.95,20000.0
2018-08-24,57.05,59.95,57.01,59.95,8000.0
2018-08-20,60.0,61.0,60.0,60.0,144500.0
2018-08-15,60.0,60.0,60.0,60.0,54500.0
2018-08-13,59.99,60.0,59.9,60.0,31500.0
2018-08-10,60.0,60.0,57.05,58.53,4000.0
2018-08-09,59.85,60.05,59.85,60.05,1000.0
2018-08-08,63.0,63.0,63.0,63.0,500.0
2018-08-07,60.0,60.0,60.0,60.0,1000.0
2018-08-06,60.0,60.0,60.0,60.0,1000.0
2018-08-03,60.0,60.0,60.0,60.0,5000.0
2018-08-01,60.0,60.0,60.0,60.0,6500.0
2018-07-31,60.0,60.0,60.0,60.0,3500.0
2018-07-30,63.89,63.89,60.1,60.1,3500.0
2018-07-27,60.5,61.95,60.0,61.95,3500.0
2018-07-26,60.0,61.7,60.0,61.7,7000.0
2018-07-24,60.0,63.0,60.0,60.25,26000.0
2018-07-23,60.0,60.0,59.25,60.0,18000.0
2018-07-20,60.5,60.5,60.0,60.0,10500.0
2018-07-19,60.5,61.5,60.5,61.5,2500.0
2018-07-18,62.75,62.75,62.75,62.75,500.0
2018-07-17,60.0,60.0,60.0,60.0,10000.0
2018-07-16,60.0,60.0,60.0,60.0,15000.0
2018-07-13,60.0,60.0,60.0,60.0,10500.0
2018-07-12,60.0,60.0,60.0,60.0,10000.0
2018-07-11,60.0,60.0,60.0,60.0,1500.0
2018-07-05,60.5,60.5,60.5,60.5,10000.0
2018-07-03,63.59,63.59,63.59,63.59,500.0
2018-07-02,61.0,61.05,61.0,61.05,21500.0
2018-06-29,61.0,64.0,61.0,64.0,50500.0
2018-06-28,61.0,61.0,61.0,61.0,3500.0
2018-06-27,61.0,61.0,60.75,60.75,51000.0
2018-06-14,61.0,61.0,61.0,61.0,1000.0
2018-06-13,61.0,61.0,61.0,61.0,500.0
2018-06-12,61.0,61.0,61.0,61.0,3500.0
2018-06-07,61.0,61.0,61.0,61.0,2000.0
2018-06-06,61.0,61.0,61.0,61.0,2500.0
2018-06-05,56.0,59.85,56.0,59.85,13500.0
2018-06-04,59.0,59.0,57.0,57.0,9500.0
2018-05-31,59.99,59.99,59.99,59.99,1000.0
2018-05-30,59.0,59.0,59.0,59.0,500.0
2018-05-29,58.0,58.0,58.0,58.0,1000.0
2018-05-28,53.4,58.8,53.4,58.8,4000.0
2018-05-25,56.55,56.55,56.06,56.07,13500.0
2018-05-24,59.0,59.1,59.0,59.01,16500.0
2018-05-23,59.0,60.0,59.0,59.99,6500.0
2018-05-21,58.94,59.0,58.94,59.0,1500.0
2018-05-18,59.14,59.14,57.26,57.57,9000.0
2018-05-17,60.0,60.0,60.0,60.0,1000.0
2018-05-15,59.0,59.0,59.0,59.0,1000.0
2018-05-14,60.0,60.0,59.0,59.35,1500.0
2018-05-11,61.01,61.01,61.01,61.01,500.0
2018-05-10,61.51,62.94,61.51,62.05,2000.0
2018-05-09,62.0,62.7,60.0,62.5,28000.0
2018-05-07,61.0,61.0,60.0,60.78,10500.0
2018-05-04,60.15,60.15,60.15,60.15,500.0
2018-05-03,61.05,61.05,59.05,60.0,4500.0
2018-04-30,63.05,63.05,62.05,62.05,1000.0
2018-04-27,62.0,64.0,62.0,63.66,11500.0
2018-04-26,63.7,63.7,63.3,63.7,5500.0
2018-04-25,62.0,62.01,62.0,62.01,2500.0
2018-04-24,63.05,63.9,63.05,63.9,4500.0
2018-04-23,61.0,63.05,61.0,62.78,15500.0
2018-04-20,60.05,60.05,60.05,60.05,1000.0
2018-04-19,60.05,60.5,60.0,60.0,30000.0
2018-04-18,60.13,61.0,60.13,61.0,2000.0
2018-04-17,60.0,62.0,60.0,62.0,8500.0
2018-04-16,60.0,62.01,60.0,62.01,1500.0
2018-04-13,60.0,60.0,60.0,60.0,8000.0
2018-04-12,60.0,60.0,60.0,60.0,4500.0
2018-04-11,61.74,63.92,61.0,61.0,10000.0
2018-04-10,59.0,60.88,59.0,60.88,10500.0
2018-04-09,58.1,58.1,57.0,57.99,11500.0
2018-04-06,59.05,59.05,57.55,58.3,3000.0
2018-04-05,60.5,60.5,60.5,60.5,2500.0
2018-04-04,60.0,62.88,60.0,62.67,27500.0
2018-04-03,60.0,60.0,60.0,60.0,1500.0
2018-04-02,57.0,60.9,57.0,60.0,11000.0
2018-03-30,58.0,58.0,58.0,58.0,1000.0
2018-03-29,55.11,57.5,55.11,57.5,1000.0
2018-03-28,54.1,57.0,54.1,57.0,5000.0
2018-03-27,56.5,56.5,56.5,56.5,2000.0
2018-03-26,57.0,57.0,57.0,57.0,1000.0
2018-03-22,55.0,57.2,54.5,57.0,11000.0
2018-03-21,54.17,55.06,54.16,55.06,2000.0
2018-03-20,56.0,57.0,56.0,57.0,2500.0
2018-03-16,55.83,55.83,55.83,55.83,1000.0
2018-03-13,57.0,58.76,57.0,58.76,7000.0
2018-03-09,55.51,55.97,53.92,55.97,3000.0
2018-03-07,59.28,59.32,56.5,56.75,4000.0
2018-03-06,56.5,56.5,56.5,56.5,2000.0
2018-03-02,58.99,58.99,58.99,58.99,500.0
2018-03-01,55.0,56.99,54.0,56.27,47500.0
2018-02-28,54.88,54.9,54.88,54.88,3500.0
2018-02-26,59.99,59.99,57.76,57.76,4000.0
2018-02-23,60.8,60.8,60.8,60.8,1500.0
2018-02-22,0.0,64.0,0.0,64.0,0.0
2018-02-21,0.0,65.44,0.0,65.44,0.0
2018-02-20,0.0,65.62,0.0,65.62,0.0
2018-02-19,71.65,71.65,66.41,66.41,7000.0
2018-02-16,69.0,69.9,69.0,69.9,1500.0
2018-02-14,68.44,68.44,68.44,67.49,500.0
2018-02-09,67.49,67.49,67.49,67.49,1000.0
2018-02-08,65.0,67.3,65.0,67.3,1000.0
2018-02-07,64.0,66.0,64.0,65.0,17500.0
2018-02-06,64.98,65.0,63.01,64.6,11000.0
2018-02-02,62.9,63.38,62.9,63.38,3500.0
2018-02-01,58.49,60.37,57.5,60.37,28500.0
2018-01-31,55.05,58.39,55.0,57.5,2500.0
2018-01-30,52.1,55.92,52.1,55.92,18500.0
2018-01-29,54.0,54.2,53.0,53.26,10000.0
2018-01-26,55.89,55.89,54.2,55.0,9500.0
2018-01-25,58.7,58.7,55.0,55.13,23000.0
2018-01-24,56.1,56.3,56.02,56.3,8000.0
2018-01-23,56.99,57.5,56.99,57.5,2500.0
2018-01-22,57.05,58.96,57.0,57.17,12500.0
2018-01-19,57.05,58.5,56.05,58.29,28500.0
2018-01-18,59.0,59.0,55.1,56.46,19500.0
2018-01-17,59.55,60.0,59.2,59.92,7000.0
2018-01-16,59.05,60.75,59.05,60.45,14000.0
2018-01-15,60.6,62.0,60.05,60.31,18000.0
2018-01-12,60.31,61.05,60.08,60.83,13500.0
2018-01-11,60.0,63.1,60.0,61.85,25000.0
2018-01-10,58.11,60.2,58.11,60.1,16500.0
2018-01-09,58.6,59.98,58.5,59.24,3000.0
2018-01-08,59.15,61.0,59.15,60.26,15500.0
2018-01-05,60.0,60.0,59.1,59.11,7500.0
2018-01-04,60.9,60.9,60.05,60.05,8500.0
2018-01-03,62.5,62.5,60.0,60.01,11000.0
2018-01-02,59.01,62.5,58.5,61.69,24500.0
2018-01-01,60.9,60.9,59.0,60.11,41000.0
2017-12-29,57.98,58.77,56.5,58.77,22000.0
2017-12-28,56.0,58.0,55.95,55.98,28200.0
2017-12-27,61.4,61.49,58.89,58.89,11100.0
2017-12-26,61.74,62.48,60.0,61.98,17800.0
2017-12-22,60.05,61.99,57.86,59.8,47900.0
2017-12-21,62.5,62.5,59.6,60.9,5200.0
2017-12-20,0.0,62.7,62.7,62.7,1000.0
2017-12-19,63.07,63.08,62.7,62.7,3300.0
2017-12-18,64.02,66.0,64.02,66.0,1000.0
2017-12-15,66.3,70.0,65.46,65.46,27000.0
2017-12-14,69.98,69.98,66.95,68.9,4200.0
2017-12-13,68.0,70.5,68.0,70.42,2900.0
2017-12-12,67.0,69.89,65.06,67.23,5100.0
2017-12-11,69.5,69.5,67.05,67.05,2800.0
2017-12-08,70.0,72.3,70.0,70.38,6700.0
2017-12-07,69.1,72.7,69.1,70.2,34000.0
2017-12-06,70.0,71.9,69.0,70.07,21500.0
2017-12-05,69.99,70.43,68.15,70.42,17100.0
2017-12-04,71.5,71.5,67.0,67.08,7900.0
2017-11-30,69.0,69.0,68.5,68.88,21000.0
2017-11-29,71.39,71.39,67.05,67.24,1600.0
2017-11-28,68.06,68.1,68.0,68.0,1800.0
2017-11-23,70.0,70.0,69.01,69.04,17300.0
2017-11-22,70.2,70.2,70.2,70.2,400.0
2017-11-21,71.05,71.05,70.0,70.0,3000.0
2017-11-20,70.05,73.0,70.05,71.76,400.0
2017-11-17,69.6,72.5,69.5,71.01,1100.0
2017-11-16,70.11,71.89,70.01,70.82,1000.0
2017-11-15,72.99,72.99,72.99,72.58,100.0
2017-11-14,76.32,76.32,72.0,72.58,700.0
2017-11-13,73.5,73.5,73.5,72.69,100.0
2017-11-10,73.2,73.99,71.4,72.69,700.0
2017-11-09,73.0,73.85,73.0,73.41,3900.0
2017-11-08,73.0,73.0,71.05,72.18,3900.0
2017-11-07,70.01,72.0,70.01,70.9,200.0
2017-11-06,70.0,72.0,70.0,70.9,1800.0
2017-11-03,68.01,71.85,68.01,71.27,8600.0
2017-11-02,72.99,72.99,68.0,68.45,2200.0
2017-11-01,69.0,71.64,69.0,70.0,9000.0
2017-10-31,68.0,70.0,67.0,68.23,4000.0
2017-10-27,70.0,70.0,70.0,70.0,5000.0
2017-10-26,72.0,72.0,70.0,70.11,9000.0
2017-10-25,72.0,74.0,72.0,72.18,1100.0
2017-10-24,72.0,73.0,71.5,72.0,8600.0
2017-10-23,72.0,74.8,72.0,73.53,15200.0
2017-10-20,72.2,74.9,72.2,73.5,15200.0
2017-10-19,70.0,71.76,70.0,71.76,20700.0
2017-10-18,70.5,70.89,68.0,68.35,12800.0
2017-10-17,71.02,72.0,70.0,70.85,36900.0
2017-10-16,74.0,74.0,70.25,73.12,7900.0
2017-10-13,74.5,75.0,72.9,73.92,19800.0
2017-10-12,75.01,76.35,72.05,72.52,9700.0
2017-10-11,76.45,76.45,75.0,75.3,23600.0
2017-10-10,77.84,78.25,73.5,74.97,16600.0
2017-10-09,72.51,76.0,72.51,74.75,9100.0
2017-10-06,74.51,76.0,74.5,76.0,1300.0
2017-10-04,72.5,76.38,72.5,73.86,3300.0
2017-10-03,76.9,76.9,75.86,75.86,3600.0
2017-10-02,82.7,82.7,78.2,79.85,800.0
2017-09-29,79.99,79.99,78.1,79.85,14900.0
2017-09-28,76.13,79.9,76.13,78.51,400.0
2017-09-27,80.0,80.0,76.01,79.83,2000.0
2017-09-26,79.0,80.0,77.61,77.99,1100.0
2017-09-25,80.3,81.89,78.84,79.21,8600.0
2017-09-22,80.37,83.0,80.37,82.98,1600.0
2017-09-21,81.15,83.3,81.15,83.29,700.0
2017-09-20,84.9,84.9,84.4,84.67,1200.0
2017-09-19,80.0,84.0,80.0,83.31,3600.0
2017-09-18,83.29,83.29,83.29,82.2,200.0
2017-09-15,81.0,83.0,79.0,82.2,6800.0
2017-09-14,82.02,82.02,81.0,81.01,10300.0
2017-09-13,82.0,85.0,82.0,83.45,14000.0
2017-09-12,85.0,88.54,83.0,85.44,10300.0
2017-09-11,85.99,85.99,82.0,84.33,3000.0
2017-09-08,83.0,85.0,82.89,83.91,12400.0
2017-09-07,82.0,84.89,78.25,81.94,21000.0
2017-09-06,80.0,82.23,80.0,82.23,28300.0
2017-09-05,79.4,79.4,76.0,78.32,3700.0
2017-08-31,72.55,78.15,72.55,76.62,2400.0
2017-08-30,76.1,78.9,76.1,76.36,2500.0
2017-08-29,75.0,78.0,75.0,77.5,2700.0
2017-08-28,74.5,78.48,74.5,78.03,28600.0
2017-08-25,75.0,78.5,75.0,77.58,11400.0
2017-08-24,80.0,80.0,76.2,76.24,44200.0
2017-08-23,82.0,82.0,79.0,80.21,43300.0
2017-08-22,76.76,80.25,76.76,80.0,67000.0
2017-08-21,83.0,84.9,80.4,80.79,13500.0
2017-08-18,85.0,85.89,82.65,84.63,10300.0
2017-08-17,90.0,91.0,86.55,87.0,35800.0
2017-08-16,89.8,91.98,84.7,91.1,74100.0
2017-08-15,90.99,90.99,86.1,87.6,34000.0
2017-08-11,87.0,90.0,87.0,89.99,40300.0
2017-08-10,89.0,90.75,87.1,88.05,21300.0
2017-08-09,91.0,91.3,88.25,88.85,51400.0
2017-08-08,85.0,90.27,85.0,90.27,169900.0
2017-08-07,86.5,87.0,84.0,85.98,48700.0
2017-08-04,85.11,89.05,84.25,85.66,70400.0
2017-08-03,86.1,87.39,81.6,85.13,66300.0
2017-08-02,81.98,84.67,79.0,84.67,136400.0
2017-08-01,83.45,83.45,78.68,80.64,43200.0
2017-07-31,81.73,90.0,81.73,82.82,196200.0
2017-07-28,86.03,92.98,86.03,86.03,89400.0
2017-07-27,92.49,94.0,90.01,90.55,93300.0
2017-07-26,93.8,95.0,91.0,91.96,63300.0
2017-07-25,98.96,98.96,92.9,93.57,157500.0
2017-07-24,95.4,96.57,94.25,96.57,102700.0
2017-07-21,88.39,92.9,87.9,91.98,44300.0
2017-07-20,90.0,92.85,87.0,88.49,77900.0
2017-07-19,89.37,89.37,87.15,89.37,156600.0
2017-07-18,85.12,85.12,84.99,85.12,82500.0
2017-07-17,79.85,81.07,79.85,81.07,56800.0
2017-07-14,76.3,78.99,76.3,77.21,15600.0
2017-07-13,81.95,81.95,77.2,77.81,3500.0
2017-07-12,82.45,82.45,74.67,79.99,16700.0
2017-07-11,78.6,80.4,78.6,78.6,14600.0
2017-07-10,77.49,85.63,77.49,82.73,41800.0
2017-07-07,81.05,84.0,79.75,81.56,20700.0
2017-07-06,91.0,92.1,83.6,83.94,77700.0
2017-07-05,87.0,89.12,85.0,88.0,39900.0
2017-07-04,85.0,85.0,84.8,84.88,8900.0
2017-07-03,85.1,85.1,82.75,83.18,7500.0
2017-06-30,86.0,86.0,85.5,85.5,1500.0
2017-06-29,85.15,88.4,83.5,85.38,9000.0
2017-06-22,85.0,89.98,82.0,87.72,27000.0
2017-06-21,83.7,90.7,83.7,85.86,187000.0
2017-06-20,91.0,92.0,88.09,88.1,27000.0
2017-06-19,98.0,98.0,92.5,92.72,9000.0
2017-06-16,95.6,95.6,94.0,94.75,14000.0
2017-06-15,100.5,100.5,94.25,97.95,43000.0
2017-06-14,104.1,105.0,98.39,98.39,45500.0
2017-06-13,109.8,112.0,102.03,103.56,76500.0
2017-06-12,113.61,113.61,107.4,107.4,124000.0
2017-06-09,113.05,113.05,113.05,113.05,32000.0
2017-06-08,102.0,107.67,102.0,107.67,126000.0
2017-06-07,96.0,102.55,96.0,102.55,96500.0
2017-06-06,99.8,99.99,95.5,97.67,61500.0
2017-06-05,100.0,101.0,97.0,98.71,62000.0
2017-06-02,102.0,103.99,96.98,99.9,49000.0
2017-06-01,101.1,108.0,99.79,102.06,76000.0
2017-05-31,105.6,107.0,104.4,105.04,75500.0
2017-05-30,112.9,114.0,109.77,109.89,121000.0
2017-05-29,116.79,119.0,112.25,115.54,88000.0
2017-05-26,112.95,118.54,109.25,116.82,252500.0
2017-05-25,107.05,115.03,104.25,112.9,339000.0
2017-05-24,114.3,118.95,109.41,109.56,128500.0
2017-05-23,119.58,119.58,112.0,115.16,180500.0
2017-05-22,113.89,113.89,113.89,113.89,4000.0
2017-05-19,105.99,108.47,105.99,108.47,52500.0
2017-05-18,101.0,104.0,100.5,103.31,51500.0
2017-05-17,101.5,103.98,100.5,101.23,70000.0
2017-05-16,95.65,101.5,95.65,99.05,56000.0
2017-05-15,102.0,102.0,99.0,99.48,93500.0
2017-05-12,98.5,102.02,98.5,101.57,220000.0
2017-05-11,92.15,98.3,92.1,97.17,155500.0
2017-05-10,91.01,97.49,91.01,93.62,59000.0
2017-05-09,97.71,97.71,95.0,95.68,408500.0
2017-05-08,93.0,93.06,92.0,93.06,104000.0
2017-05-05,85.0,88.63,84.01,88.63,607000.0
2017-05-04,84.99,88.0,83.0,84.41,700000.0
2017-05-03,88.9,88.9,84.0,84.99,44500.0
2017-05-02,89.23,89.23,85.0,85.0,42000.0
2017-04-28,87.9,87.9,84.0,84.99,11500.0
2017-04-27,85.0,88.01,85.0,86.0,5000.0
2017-04-26,84.66,86.0,84.0,85.0,7500.0
2017-04-25,87.5,87.5,87.5,87.5,1000.0
2017-04-24,87.01,87.05,87.0,87.0,8500.0
2017-04-21,91.5,91.87,89.0,90.0,4500.0
2017-04-20,84.0,88.5,84.0,87.5,22500.0
2017-04-19,86.0,88.0,86.0,88.0,3500.0
2017-04-18,90.0,90.0,90.0,90.0,500.0
2017-04-17,88.99,93.0,88.99,90.0,2500.0
2017-04-14,91.0,92.8,89.0,92.8,14500.0
2017-04-13,96.0,96.0,93.0,93.01,3500.0
2017-04-12,97.0,97.0,95.0,95.25,5000.0
2017-04-11,96.0,98.0,95.0,95.8,5500.0
2017-04-10,95.0,96.0,95.0,96.0,1500.0
2017-04-07,94.0,97.0,94.0,94.5,4000.0
2017-04-06,95.5,95.5,92.55,94.1,3500.0
2017-04-05,95.0,97.0,95.0,97.0,1000.0
2017-04-04,93.25,93.5,91.5,93.5,5000.0
2017-04-03,95.36,95.36,95.36,95.36,500.0
2017-03-31,95.2,99.9,95.2,99.45,2500.0
2017-03-30,107.3,109.49,100.0,100.0,35500.0
2017-03-29,104.1,104.7,104.1,104.7,16500.0
2017-03-28,94.0,99.72,94.0,99.72,77000.0
2017-03-27,93.0,95.9,90.08,94.98,7000.0
2017-03-24,94.5,94.5,93.0,93.0,3500.0
2017-03-22,97.82,97.82,97.28,97.82,21000.0
2017-03-21,93.17,93.17,93.17,93.17,8000.0
2017-03-20,88.74,88.74,88.74,88.74,500.0
2017-03-17,84.0,84.52,84.0,84.52,14000.0
2017-03-16,85.0,85.0,79.42,80.5,8000.0
2017-03-15,0.0,83.6,83.6,83.6,500.0
2017-03-14,84.2,84.2,83.6,83.6,4000.0
2017-03-10,88.0,88.0,88.0,88.0,2000.0
2017-03-09,90.1,93.0,90.0,90.03,35000.0
2017-03-08,90.1,90.1,90.06,90.1,8500.0
2017-03-07,90.1,91.5,90.03,90.35,21500.0
2017-03-06,90.01,90.3,90.01,90.06,11500.0
2017-03-03,92.5,92.5,90.01,90.33,23000.0
2017-03-02,89.0,90.45,89.0,90.0,21500.0
2017-03-01,92.0,92.9,88.77,88.79,25000.0
2017-02-28,90.1,93.93,90.0,93.44,24000.0
2017-02-27,96.85,96.85,89.0,92.05,208500.0
2017-02-24,92.24,92.24,90.0,92.24,79000.0
2017-02-23,86.0,87.85,85.0,87.85,58500.0
2017-02-22,80.1,83.67,80.0,83.67,124500.0
2017-02-21,75.15,79.69,75.0,79.69,99500.0
2017-02-20,78.95,78.95,73.0,75.9,45500.0
2017-02-17,75.8,79.5,74.0,76.14,123500.0
2017-02-16,75.9,76.49,73.0,75.73,58500.0
2017-02-15,70.51,74.5,70.51,73.5,68500.0
2017-02-14,76.6,79.5,72.76,73.08,219000.0
2017-02-13,71.48,78.5,71.48,76.58,307000.0
2017-02-10,83.16,83.16,75.24,75.24,444000.0
2017-02-09,79.2,79.2,79.2,79.2,6500.0
2017-02-08,75.43,75.43,75.43,75.43,10500.0
2017-02-07,71.84,71.84,71.84,71.84,16000.0
2017-02-06,68.42,68.42,63.25,68.42,555000.0
2017-02-03,65.17,65.17,65.17,65.17,135500.0
2017-02-02,62.07,62.07,60.12,62.07,607500.0
2017-02-01,59.12,59.12,59.12,59.12,12000.0
2017-01-31,56.31,56.31,56.31,56.31,39000.0
2017-01-30,53.63,53.63,53.63,53.63,126000.0
2017-01-27,50.0,51.08,48.9,51.08,306500.0
2017-01-26,48.65,48.65,48.25,48.65,81500.0
2017-01-25,44.99,46.34,44.99,46.34,126500.0
2017-01-24,42.98,44.14,42.53,44.14,212000.0
2017-01-23,42.16,42.99,41.65,42.04,57000.0
2017-01-20,43.44,44.7,42.0,42.44,145500.0
2017-01-19,43.98,43.98,42.3,42.69,60000.0
2017-01-18,41.99,43.53,41.95,43.47,478000.0
2017-01-17,42.01,42.01,40.92,41.46,35000.0
2017-01-16,41.84,43.32,41.25,42.2,135000.0
2017-01-13,41.98,42.2,41.15,41.26,52000.0
2017-01-12,42.4,42.95,41.77,41.83,86500.0
2017-01-11,42.0,43.4,41.5,41.98,81500.0
2017-01-10,42.35,42.4,41.35,41.51,27500.0
2017-01-09,40.25,42.25,40.25,41.96,70000.0
2017-01-06,41.02,41.17,40.25,40.7,127500.0
2017-01-05,43.0,43.75,42.25,42.25,222000.0
2017-01-04,42.5,44.85,42.5,44.47,104500.0
2017-01-03,42.05,43.45,41.61,42.72,49500.0
2017-01-02,44.0,44.35,42.0,42.61,129500.0
2016-12-30,46.0,46.0,43.17,43.56,177500.0
2016-12-29,46.49,46.5,44.51,45.44,26500.0
2016-12-28,45.5,45.59,44.95,45.47,29500.0
2016-12-27,47.2,47.2,45.01,45.83,27500.0
2016-12-26,46.89,46.89,46.0,46.06,17000.0
2016-12-23,46.95,48.0,45.3,46.25,33500.0
2016-12-22,45.01,46.45,45.0,45.74,31500.0
2016-12-21,46.0,46.0,43.71,44.82,22000.0
2016-12-20,45.75,46.65,45.45,45.99,22500.0
2016-12-19,46.0,47.25,46.0,46.05,25000.0
2016-12-16,44.26,45.95,44.26,45.0,8000.0
2016-12-15,45.0,46.98,45.0,45.14,9500.0
2016-12-14,45.01,46.0,45.01,45.81,4000.0
2016-12-13,45.0,46.24,45.0,45.6,9000.0
2016-12-09,46.25,47.79,46.25,46.33,5000.0
2016-12-08,47.26,48.5,47.0,47.27,141000.0
2016-12-07,48.75,49.01,45.0,48.64,261500.0
2016-12-06,44.9,46.68,44.7,46.68,45500.0
2016-12-05,46.95,46.95,44.1,44.46,53000.0
2016-12-02,45.65,45.7,45.5,45.5,7000.0
2016-12-01,47.08,47.5,45.61,45.72,26000.0
2016-11-30,46.5,46.99,46.2,46.2,4500.0
2016-11-29,46.7,47.0,45.75,45.81,35500.0
2016-11-28,48.2,48.25,46.2,46.29,55500.0
2016-11-25,49.0,49.0,47.28,47.36,56000.0
2016-11-24,51.23,51.23,49.3,49.76,83500.0
2016-11-23,47.49,49.38,47.49,49.38,76500.0
2016-11-22,49.1,49.99,46.83,47.03,172500.0
2016-11-21,53.49,53.49,48.93,49.29,175500.0
2016-11-18,50.2,51.5,50.2,51.5,124000.0
2016-11-17,48.5,49.05,48.1,49.05,113000.0
2016-11-16,43.16,46.72,43.16,46.72,304000.0
2016-11-15,44.01,45.95,44.0,44.5,13000.0
2016-11-14,46.97,47.2,44.49,44.71,65000.0
2016-11-11,44.25,46.4,44.15,45.0,6000.0
2016-11-10,47.99,48.0,45.22,45.51,46000.0
2016-11-09,47.85,48.25,46.5,47.6,20000.0
2016-11-08,45.8,47.51,45.8,47.51,107500.0
2016-11-07,43.5,45.25,42.0,45.25,47000.0
2016-11-04,43.0,43.1,43.0,43.1,4000.0
2016-11-03,43.69,43.8,41.5,42.04,29000.0
2016-11-02,42.43,42.44,41.55,42.44,65000.0
2016-11-01,39.85,40.42,39.01,40.42,16000.0
2016-10-31,38.6,38.6,38.5,38.5,1000.0
2016-10-28,39.0,39.1,38.62,38.8,20500.0
2016-10-27,42.05,42.05,40.65,40.65,9000.0
2016-10-26,43.0,44.0,42.0,42.78,34500.0
2016-10-25,42.65,42.72,42.65,42.65,44500.0
2016-10-24,45.9,46.0,44.89,44.89,18000.0
2016-10-21,47.0,47.25,47.0,47.25,9500.0
2016-10-20,45.05,48.0,45.05,46.96,13500.0
2016-10-19,0.0,0.0,0.0,47.29,0.0
2016-10-18,46.71,48.25,46.32,47.29,25500.0
2016-10-17,49.1,49.1,48.75,48.75,2000.0
2016-10-14,46.25,50.15,46.2,49.84,64000.0
2016-10-13,47.85,49.0,47.71,47.81,68500.0
2016-10-10,52.9,52.9,48.55,50.22,76000.0
2016-10-07,50.7,51.4,50.5,51.1,75500.0
2016-10-06,49.0,49.04,48.0,49.04,99000.0
2016-10-05,46.39,46.71,46.39,46.71,26500.0
2016-10-04,43.99,44.49,43.0,44.49,146500.0
2016-10-03,40.79,42.4,40.35,42.38,98000.0
2016-09-30,39.5,40.39,38.5,40.39,71500.0
2016-09-29,39.0,39.0,38.0,38.47,25000.0
2016-09-28,39.0,39.25,39.0,39.25,22500.0
2016-09-27,39.0,40.01,39.0,39.5,32500.0
2016-09-26,40.0,40.0,39.0,39.33,11500.0
2016-09-23,40.0,40.0,39.0,39.7,10500.0
2016-09-22,40.2,40.88,39.1,39.38,17500.0
2016-09-21,40.6,41.0,39.0,39.13,18000.0
2016-09-20,38.61,41.03,38.1,41.03,75000.0
2016-09-19,39.7,39.7,39.0,39.08,29500.0
2016-09-16,39.0,39.69,39.0,39.69,89000.0
2016-09-15,36.9,37.8,36.9,37.8,18000.0
2016-09-09,36.65,36.77,36.0,36.0,4000.0
2016-09-08,35.8,36.69,35.8,36.39,1500.0
2016-09-07,37.0,37.0,36.5,36.9,3500.0
2016-09-06,35.7,36.5,35.4,36.15,4500.0
2016-09-05,37.0,37.0,35.7,35.99,7000.0
2016-09-02,37.61,37.75,36.39,36.84,17500.0
2016-09-01,37.48,38.74,37.0,38.3,72000.0
2016-08-31,39.86,39.86,36.61,37.07,127000.0
2016-08-30,37.97,37.97,37.97,37.97,5500.0
2016-08-29,34.56,36.17,34.1,36.17,62500.0
2016-08-26,34.45,34.57,34.4,34.45,19000.0
2016-08-25,34.25,34.55,34.0,34.0,4500.0
2016-08-24,34.0,34.25,33.95,34.18,17500.0
2016-08-23,32.75,33.79,32.11,33.0,9000.0
2016-08-22,34.0,34.0,32.8,32.9,14500.0
2016-08-19,33.0,33.0,33.0,33.0,500.0
2016-08-18,34.3,34.4,33.5,33.51,18500.0
2016-08-17,34.1,34.1,34.05,34.08,2000.0
2016-08-16,34.8,34.8,34.01,34.21,15000.0
2016-08-15,33.25,34.3,33.25,33.62,16000.0
2016-08-12,34.1,34.19,33.5,33.78,11000.0
2016-08-11,34.3,34.6,34.0,34.1,36000.0
2016-08-10,34.61,35.74,33.96,34.05,60000.0
2016-08-09,36.0,36.88,35.0,35.74,41000.0
2016-08-08,36.0,37.07,34.65,36.04,221000.0
2016-08-05,38.09,38.09,35.17,35.31,84000.0
2016-08-04,36.28,36.28,35.51,36.28,130000.0
2016-08-03,34.56,34.56,34.56,34.56,8000.0
2016-08-02,32.88,32.92,32.02,32.92,54500.0
2016-08-01,31.36,31.36,30.7,31.36,138500.0
2016-07-29,28.4,29.87,28.4,29.87,95500.0
2016-07-28,27.03,28.49,27.03,28.45,8500.0
2016-07-27,28.0,28.44,28.0,28.39,3000.0
2016-07-26,27.3,28.39,27.3,27.95,5500.0
2016-07-25,0.0,0.0,0.0,28.34,0.0
2016-07-22,28.6,28.6,27.5,28.34,14500.0
2016-07-21,28.01,28.01,27.8,27.87,5500.0
2016-07-20,28.02,28.31,27.9,27.95,10500.0
2016-07-19,28.75,29.06,28.31,28.31,30500.0
2016-07-18,29.95,29.95,29.01,29.8,10000.0
2016-07-15,29.49,30.1,29.31,29.75,22500.0
2016-07-14,28.5,29.19,28.45,29.15,33500.0
2016-07-13,28.5,28.5,27.8,27.8,2000.0
2016-07-12,27.01,28.24,27.01,28.23,15500.0
2016-07-11,0.0,0.0,0.0,26.9,0.0
2016-07-04,27.0,27.0,26.9,26.9,2000.0
2016-06-30,0.0,0.0,0.0,26.6,0.0
2016-06-29,0.0,0.0,0.0,26.6,0.0
2016-06-28,0.0,0.0,0.0,26.6,0.0
2016-06-24,27.0,27.49,26.6,26.6,5000.0
2016-06-23,28.1,28.1,27.51,27.53,75500.0
2016-06-22,28.9,28.99,28.9,28.95,2000.0
2016-06-21,28.9,28.99,28.9,28.99,1500.0
2016-06-20,28.01,28.99,28.01,28.99,5000.0
2016-06-17,28.17,29.25,28.01,28.06,17500.0
2016-06-16,28.2,29.25,28.2,29.25,1500.0
2016-06-15,29.28,29.28,28.5,28.99,4000.0
2016-06-14,28.4,28.6,28.4,28.5,1000.0
2016-06-13,29.19,29.19,29.19,29.19,500.0
2016-06-10,28.6,28.6,28.4,28.49,8000.0
2016-06-09,0.0,0.0,0.0,29.49,0.0
2016-06-08,29.49,29.49,29.49,29.49,500.0
2016-06-07,29.59,29.59,29.59,29.59,500.0
2016-06-06,29.33,29.42,29.33,29.42,2500.0
2016-06-03,0.0,0.0,0.0,29.07,0.0
2016-06-02,29.48,29.99,28.8,29.07,23000.0
2016-06-01,28.61,29.19,28.28,29.02,28000.0
2016-05-31,29.8,30.49,29.0,29.02,23500.0
2016-05-30,29.66,29.8,29.01,29.72,32000.0
2016-05-27,29.99,31.5,29.01,30.27,342000.0
2016-05-26,29.9,30.0,29.5,30.0,14000.0
2016-05-25,31.1,31.1,29.73,29.98,26000.0
2016-05-24,30.3,31.18,30.17,31.16,24500.0
2016-05-23,29.7,29.7,29.68,29.7,2500.0
2016-05-20,29.55,30.34,29.51,30.18,5000.0
2016-05-19,29.35,29.6,29.16,29.42,4500.0
2016-05-18,30.0,30.41,29.01,30.0,11000.0
2016-05-17,29.97,30.75,29.96,30.2,5000.0
2016-05-16,32.01,32.01,31.5,31.53,7500.0
2016-05-13,32.49,33.0,31.23,32.05,6000.0
2016-05-12,33.35,33.39,32.1,32.87,29500.0
2016-05-11,31.0,31.85,31.0,31.85,11500.0
2016-05-10,28.8,30.34,28.8,30.34,25000.0
2016-05-09,28.1,28.9,28.1,28.9,3000.0
2016-05-06,0.0,0.0,0.0,28.1,1500.0
2016-05-05,28.1,28.1,28.1,28.1,1000.0
2016-05-04,0.0,0.0,0.0,28.1,0.0
2016-05-03,28.75,28.99,28.1,28.1,4000.0
2016-05-02,28.1,28.5,28.1,28.31,4000.0
2016-04-29,28.55,29.44,28.55,29.0,2500.0
2016-04-28,0.0,0.0,0.0,28.33,0.0
2016-04-27,28.7,28.8,28.3,28.33,4000.0
2016-04-26,29.0,29.0,28.0,28.08,3000.0
2016-04-25,28.51,29.0,28.05,28.3,2500.0
2016-04-22,28.12,28.12,28.11,28.11,1500.0
2016-04-21,29.01,29.5,28.61,28.75,8500.0
2016-04-20,0.0,0.0,0.0,29.5,0.0
2016-04-19,29.5,29.5,29.5,29.5,3000.0
2016-04-18,0.0,0.0,0.0,29.85,0.0
2016-04-15,29.85,29.85,29.85,29.85,500.0
2016-04-14,28.7,29.15,28.7,29.15,1500.0
2016-04-13,28.21,29.3,28.21,29.3,2000.0
2016-04-12,30.86,30.86,29.0,29.0,5000.0
2016-04-11,31.1,31.75,30.18,30.18,11000.0
2016-04-08,32.87,32.87,31.5,31.75,8500.0
2016-04-07,31.5,31.97,31.5,31.97,21500.0
2016-04-06,29.49,30.45,29.49,30.45,12500.0
2016-04-05,28.35,29.0,28.35,29.0,2000.0
2016-04-04,28.32,28.32,28.32,28.32,500.0
2016-04-01,27.56,29.0,27.56,29.0,1000.0
2016-03-31,0.0,0.0,0.0,28.89,0.0
2016-03-30,27.2,28.89,27.11,28.89,1500.0
2016-03-29,29.0,29.0,28.0,28.01,4000.0
2016-03-28,29.0,29.0,29.0,29.0,2000.0
2016-03-25,0.0,0.0,0.0,29.0,0.0
2016-03-24,29.0,29.0,29.0,29.0,3000.0
2016-03-22,0.0,0.0,0.0,29.0,0.0
2016-03-21,0.0,0.0,0.0,29.0,0.0
2016-03-18,29.0,29.0,29.0,29.0,500.0
2016-03-17,27.0,28.5,27.0,28.5,1500.0
2016-03-16,0.0,0.0,0.0,27.66,0.0
2016-03-15,27.66,27.66,27.66,27.66,1000.0
2016-03-14,28.55,29.0,28.55,29.0,1500.0
2016-03-11,28.5,28.5,28.5,28.5,2500.0
2016-03-10,29.0,29.0,28.5,28.5,1000.0
2016-03-09,29.39,29.44,29.0,29.0,6500.0
2016-03-08,28.35,28.5,28.08,28.16,11500.0
2016-03-07,27.5,29.4,27.5,29.4,2000.0
2016-03-04,29.0,29.01,28.36,29.0,4000.0
2016-03-03,29.0,29.38,28.55,29.38,6500.0
2016-03-02,30.67,30.67,28.64,28.77,6000.0
2016-03-01,30.0,30.0,29.1,29.4,2500.0
2016-02-29,0.0,0.0,0.0,30.49,0.0
2016-02-26,31.23,31.23,29.0,30.49,4500.0
2016-02-25,31.4,31.4,29.76,29.76,1500.0
2016-02-24,30.98,30.98,30.94,30.94,1500.0
2016-02-23,30.5,30.5,28.58,29.59,8000.0
2016-02-22,28.0,30.08,28.0,30.08,10500.0
2016-02-19,28.1,29.4,28.1,28.65,5000.0
2016-02-18,30.36,30.56,29.52,29.56,15000.0
2016-02-17,31.6,32.32,31.07,31.07,19000.0
2016-02-16,33.25,33.5,32.53,32.7,20500.0
2016-02-15,33.7,34.5,33.7,34.24,9500.0
2016-02-12,35.7,35.95,34.83,34.94,17500.0
2016-02-11,39.13,39.13,36.24,36.66,94500.0
2016-02-10,36.39,37.27,36.39,37.27,22500.0
2016-02-09,35.5,35.5,35.1,35.5,21000.0
2016-02-08,33.75,33.81,33.15,33.81,12000.0
2016-02-04,31.99,32.2,31.0,32.2,65000.0
2016-02-03,29.5,30.67,29.5,30.67,27500.0
2016-02-02,28.9,29.21,28.1,29.21,29500.0
2016-02-01,29.05,29.05,27.56,27.82,40500.0
2016-01-29,29.5,29.5,28.48,28.48,12500.0
2016-01-28,0.0,0.0,0.0,29.97,0.0
2016-01-27,30.01,30.01,29.8,29.97,13000.0
2016-01-26,30.5,31.5,30.5,31.22,10000.0
2016-01-25,31.0,31.0,30.0,30.5,9000.0
2016-01-22,31.3,31.3,29.95,30.26,12500.0
2016-01-21,32.6,32.85,31.5,31.5,11500.0
2016-01-20,31.1,32.55,30.61,31.29,5500.0
2016-01-19,31.65,34.0,31.55,32.2,32500.0
2016-01-18,33.21,33.21,32.78,32.78,7500.0
2016-01-15,34.0,35.91,33.0,34.5,58000.0
2016-01-14,34.2,34.25,34.2,34.2,24000.0
2016-01-13,36.6,36.6,35.53,36.0,21000.0
2016-01-12,37.0,37.95,37.0,37.4,2500.0
2016-01-11,0.0,0.0,0.0,37.06,0.0
2016-01-10,35.0,37.06,35.0,37.06,33000.0
2016-01-09,35.0,37.06,35.0,37.06,33000.0
2016-01-08,35.0,37.06,35.0,37.06,33000.0
2016-01-07,33.5,36.3,33.5,35.3,44500.0
2016-01-06,35.55,35.6,35.01,35.01,26000.0
2016-01-05,37.2,40.28,36.7,36.85,79500.0
2016-01-04,37.5,38.4,36.6,38.4,56500.0
2016-01-01,36.44,36.59,36.0,36.58,32500.0
2015-12-31,36.0,36.0,34.59,34.85,65500.0
2015-12-30,38.01,39.3,36.3,36.41,26500.0
2015-12-29,37.3,38.58,37.3,37.93,14500.0
2015-12-28,40.7,40.7,38.91,39.04,49000.0
2015-12-23,41.02,41.7,40.73,40.95,18000.0
2015-12-22,43.75,45.7,42.86,42.86,52000.0
2015-12-21,46.11,47.9,44.95,45.11,39000.0
2015-12-18,45.4,48.99,45.4,47.31,34000.0
2015-12-17,46.1,47.48,46.05,47.0,50500.0
2015-12-16,48.5,49.0,46.16,46.27,96000.0
2015-12-15,48.97,48.97,47.0,48.46,173000.0
2015-12-14,43.25,46.64,42.26,46.64,72500.0
2015-12-11,45.6,46.0,44.0,44.42,46500.0
2015-12-10,46.84,48.2,45.0,46.21,149000.0
2015-12-09,44.98,47.7,44.98,46.09,60500.0
2015-12-08,49.15,50.87,46.03,46.03,362500.0
2015-12-07,48.62,49.7,48.45,48.45,39500.0
2015-12-04,55.4,56.35,50.99,50.99,444500.0
2015-12-03,49.38,54.57,49.38,53.67,516000.0
2015-12-02,0.0,51.97,51.97,51.97,0.0
2015-12-01,54.54,54.54,54.54,54.54,4000.0
2015-11-30,57.41,57.41,57.41,57.41,3500.0
2015-11-27,60.5,60.5,60.43,60.43,9500.0
2015-11-26,63.9,66.99,63.61,63.61,27000.0
2015-11-25,67.26,67.36,66.95,66.95,4000.0
2015-11-24,72.12,73.85,70.47,70.47,10500.0
2015-11-23,76.1,78.79,74.0,74.17,20500.0
2015-11-20,81.0,82.0,76.0,76.97,102500.0
2015-11-19,78.0,79.84,73.6,78.71,78500.0
2015-11-18,76.4,77.77,76.0,76.15,27500.0
2015-11-17,81.0,82.0,76.0,79.25,21000.0
2015-11-16,75.0,79.63,75.0,79.29,27000.0
2015-11-13,74.0,76.14,73.5,76.14,31000.0
2015-11-12,74.5,74.5,72.5,72.52,7500.0
2015-11-11,75.48,75.49,72.55,74.4,16500.0
2015-11-10,70.15,77.51,70.13,75.77,60500.0
2015-11-09,74.36,77.74,73.82,73.82,27500.0
2015-11-06,81.16,81.16,74.51,77.7,46500.0
2015-11-05,77.3,77.3,77.3,77.3,2500.0
2015-11-04,73.0,73.62,73.0,73.62,18500.0
2015-11-03,70.12,70.12,69.85,70.12,41000.0
2015-11-02,66.74,66.79,66.64,66.79,21500.0
2015-10-30,62.99,63.61,62.0,63.61,9500.0
2015-10-29,60.59,60.59,58.5,60.59,54500.0
2015-10-28,57.71,57.71,55.0,57.71,21000.0
2015-10-27,55.11,55.11,51.35,54.97,64500.0
2015-10-26,53.48,53.48,48.4,52.49,73000.0
2015-10-22,50.94,50.94,50.94,50.94,7000.0
2015-10-21,48.52,48.52,48.52,48.52,1500.0
2015-10-20,45.9,46.21,45.0,46.21,54500.0
2015-10-19,43.0,44.01,43.0,44.01,35000.0
2015-10-16,41.89,41.92,41.89,41.92,6500.0
2015-10-15,39.75,39.93,39.75,39.93,10500.0
2015-10-14,37.0,38.03,37.0,38.03,9000.0
2015-10-13,35.0,36.22,35.0,36.22,14500.0
2015-10-12,0.0,0.0,0.0,34.5,0.0
2015-10-09,32.25,34.55,32.25,34.5,2500.0
2015-10-01,32.91,32.91,32.91,32.91,1000.0
2015-09-30,31.35,31.35,31.35,31.35,1000.0
2015-09-29,33.0,33.0,33.0,33.0,500.0
2015-09-28,34.73,34.73,34.73,34.73,500.0
2015-09-22,36.55,36.55,36.55,36.55,500.0
2015-09-21,36.0,36.0,36.0,36.0,1000.0
2015-09-17,36.01,39.48,36.0,36.01,447000.0
2015-09-16,38.0,38.52,37.26,37.67,8000.0
2015-09-15,36.69,36.69,36.69,36.69,22000.0
2015-09-14,34.95,34.95,34.95,34.95,500.0
2015-09-11,31.75,33.29,31.75,33.29,2356500.0
2015-09-09,31.6,31.71,31.6,31.71,5500.0
2015-09-08,33.26,33.26,33.25,33.26,7000.0
2015-09-04,33.25,35.0,33.25,35.0,3500.0
2015-09-03,34.84,35.01,34.84,35.0,25000.0
2015-09-02,0.0,36.0,36.0,36.67,8000.0
2015-09-01,36.7,36.7,36.67,36.67,4500.0
2015-08-31,36.9,40.75,36.9,38.59,6000.0
2015-08-27,40.0,40.0,38.23,38.82,1500.0
2015-08-24,41.5,41.5,40.24,40.24,4500.0
2015-08-21,40.85,43.95,40.85,42.35,4500.0
2015-08-20,44.6,44.6,43.0,43.0,8000.0
2015-08-19,42.52,42.52,42.49,42.52,24500.0
2015-08-18,40.5,40.5,39.9,40.5,22000.0
2015-08-17,38.0,38.58,38.0,38.58,14000.0
2015-08-13,35.0,36.75,35.0,36.75,33500.0
2015-08-12,35.0,35.0,35.0,35.0,10500.0
2015-08-11,36.0,36.0,36.0,36.0,1000.0
2015-08-10,35.5,35.5,35.5,35.5,500.0
2015-08-07,33.99,34.17,33.99,34.17,28500.0
2015-08-06,32.55,32.6,32.55,32.55,1000.0
2015-08-05,32.65,33.07,31.13,31.13,7500.0
2015-08-04,30.5,31.5,30.5,31.5,3500.0
2015-08-03,30.0,30.0,30.0,30.0,500.0
2015-07-31,31.31,31.31,30.3,30.81,1000.0
2015-07-29,31.61,31.61,31.35,31.35,2000.0
2015-07-28,33.0,34.53,33.0,33.0,1500.0
2015-07-27,31.5,32.9,31.5,32.9,3000.0
2015-07-16,31.5,31.5,31.5,31.5,500.0
2015-07-15,30.0,30.0,30.0,30.0,500.0
2015-07-13,33.0,33.0,31.0,31.03,7000.0
2015-07-08,32.0,32.0,32.0,32.0,500.0
2015-07-07,0.0,32.0,32.0,33.6,500.0
2015-07-06,33.6,33.6,33.6,33.6,500.0
2015-07-03,32.5,32.5,32.5,32.5,1500.0
2015-06-23,33.99,33.99,33.99,33.99,500.0
2015-06-19,32.0,32.5,32.0,32.5,5500.0
2015-06-17,32.0,32.0,31.0,31.0,6500.0
2015-06-15,31.74,31.84,31.74,31.84,2000.0
2015-06-12,30.33,30.33,30.33,30.33,500.0
2015-06-11,30.4,31.92,31.0,31.92,5500.0
2015-06-10,27.6,30.4,27.6,30.4,2000.0
2015-06-09,31.3,31.3,29.0,29.0,2000.0
2015-06-08,32.4,32.4,30.4,30.4,6500.0
2015-06-05,31.5,32.76,31.5,31.63,16500.0
2015-06-04,31.0,31.2,31.0,31.2,1500.0
2015-06-03,29.5,29.84,29.5,29.84,3500.0
2015-06-02,31.2,31.2,28.41,28.42,4000.0
2015-06-01,29.9,29.9,29.9,29.9,11000.0
2015-05-29,30.0,31.47,29.92,31.47,3500.0
2015-05-28,32.9,32.9,29.88,31.49,10000.0
2015-05-27,31.0,31.45,31.0,31.45,2000.0
2015-05-26,30.0,30.0,30.0,30.0,500.0
2015-05-25,31.0,31.4,30.0,30.0,1500.0
2015-05-22,30.0,30.7,30.0,30.7,3000.0
2015-05-21,28.25,29.9,28.25,29.9,2000.0
2015-05-20,28.75,28.81,28.75,28.81,6000.0
2015-05-19,26.14,27.44,26.65,27.44,4500.0
2015-05-15,23.75,26.14,23.75,26.14,2000.0
2015-05-14,23.0,24.93,23.0,24.93,2000.0
2015-05-13,23.75,23.75,23.75,23.75,500.0
2015-05-06,0.0,25.5,25.5,25.0,500.0
2015-04-30,24.0,25.0,24.0,25.0,16000.0
2015-04-29,25.0,25.0,25.0,25.0,4000.0
2015-04-28,25.05,25.05,24.1,24.3,7000.0
2015-04-22,25.0,25.7,25.0,25.35,1000.0
2015-04-14,24.5,24.5,24.5,24.5,2000.0
2015-04-10,25.9,25.9,24.4,24.4,1000.0
2015-04-09,26.6,26.6,25.65,25.65,2000.0
2015-04-07,27.0,27.0,27.0,27.0,500.0
2015-03-27,27.55,27.55,27.55,27.55,1500.0
2015-03-26,29.0,29.0,29.0,29.0,2000.0
2015-03-24,29.0,29.0,29.0,29.0,500.0
2015-03-19,28.5,30.5,28.5,30.5,1000.0
2015-03-18,28.75,29.76,26.95,29.18,28500.0
2015-03-17,28.25,28.82,27.05,28.35,14000.0
2015-03-16,27.45,27.45,27.45,27.45,2500.0
2015-03-12,27.0,28.89,27.0,28.89,5000.0
2015-03-04,28.0,28.85,28.0,28.0,3000.0
2015-03-03,28.0,28.0,28.0,28.0,1000.0
2015-02-27,27.0,28.49,27.0,27.83,15000.0
2015-02-26,28.4,29.45,28.0,28.0,9000.0
2015-02-25,28.8,28.8,27.05,28.15,4000.0
2015-02-24,26.5,28.5,26.18,28.44,9000.0
2015-02-20,27.0,27.7,27.0,27.55,9500.0
2015-02-18,26.0,26.4,26.0,26.39,2500.0
2015-02-17,25.21,25.21,25.21,25.21,500.0
2015-02-16,25.75,25.79,24.01,24.01,2500.0
2015-02-13,24.7,24.71,24.65,24.69,3000.0
2015-02-12,25.4,25.46,23.5,23.54,18500.0
2015-02-11,23.6,24.25,23.6,24.25,1000.0
2015-02-10,23.75,23.75,23.1,23.1,2000.0
2015-02-09,23.5,23.5,23.5,23.5,2000.0
2015-01-28,24.1,24.1,23.75,23.92,3500.0
2015-01-27,24.8,24.8,24.8,24.8,500.0
2015-01-22,25.99,25.99,24.3,24.32,2500.0
2015-01-21,24.75,25.4,24.75,25.4,2000.0
2015-01-20,24.5,25.14,24.2,24.2,3500.0
2015-01-19,26.24,26.24,24.0,24.11,19500.0
2015-01-16,25.26,25.26,25.26,25.26,2000.0
2015-01-15,25.0,25.0,25.0,25.0,4500.0
2015-01-14,26.99,27.0,25.75,25.75,2500.0
2015-01-13,26.9,26.9,26.2,26.2,1000.0
2015-01-12,26.75,27.0,26.75,27.0,22500.0
2015-01-09,27.0,27.0,25.65,25.74,2500.0
2015-01-08,26.8,28.0,26.68,27.0,16000.0
2015-01-07,28.08,28.08,28.08,28.08,500.0
2015-01-05,29.55,29.55,29.55,29.55,1000.0
2014-12-30,31.1,31.1,31.1,31.1,500.0
2014-12-23,32.4,32.4,32.4,32.4,500.0
2014-12-19,31.0,32.0,30.89,30.89,3000.0
2014-12-17,32.5,32.55,32.49,32.5,4000.0
2014-12-16,34.2,34.2,34.2,34.2,18000.0
2014-12-15,37.5,37.5,35.63,36.0,5000.0
2014-12-12,0.0,38.65,38.65,37.5,500.0
2014-12-11,36.1,37.5,36.1,37.5,4000.0
2014-12-09,37.98,37.98,37.98,37.98,4000.0
2014-12-08,37.5,37.9,35.6,36.87,8500.0
2014-12-05,37.37,37.37,37.37,37.37,500.0
2014-12-04,34.35,35.7,34.35,35.7,23500.0
2014-12-03,33.25,34.75,33.25,34.0,38000.0
2014-12-02,36.84,36.84,35.0,35.0,3000.0
2014-12-01,36.88,36.88,35.96,36.84,23000.0
2014-11-28,34.9,35.13,34.75,35.13,29000.0
2014-11-27,33.46,33.46,33.46,33.46,12500.0
2014-11-26,31.87,31.87,31.87,31.87,6000.0
2014-11-25,30.36,30.36,30.36,30.36,4000.0
2014-11-24,28.92,28.92,28.92,28.92,8500.0
2014-11-21,27.5,27.55,27.5,27.55,3500.0
2014-11-20,25.5,26.24,25.4,26.24,5500.0
2014-11-18,25.0,25.0,25.0,25.0,9000.0
2014-11-13,24.0,24.45,24.0,24.45,1500.0
2014-11-10,23.15,24.1,23.15,24.1,1500.0
2014-10-30,23.6,24.0,23.6,24.0,1500.0
2014-10-29,23.01,23.01,22.9,22.91,4000.0
2014-10-28,24.1,24.1,24.1,24.1,500.0
2014-10-27,24.0,24.0,24.0,24.0,500.0
2014-10-21,24.65,24.65,24.65,24.65,1000.0
2014-10-17,25.0,25.5,25.0,25.18,4500.0
2014-10-15,24.02,25.5,23.75,25.5,10500.0
2014-10-14,25.0,25.0,25.0,25.0,500.0
2014-10-13,23.0,24.48,22.5,24.47,6000.0
