symbol,avg_error_pct,direction_accuracy,count
ALAC,1.0766435762415068,0.0,1
BAHL,0.687565098445245,0.0,1
BAPL,11.82208432013591,0.0,1
BATA,0.017514433881940607,0.0,1
BCL,1.108369872531563,0.0,1
BERG,0.812926250834821,0.0,1
BGL,10.013387974858817,0.0,1
BHAT,8.21869576125922,0.0,1
BIFO,2.578686194419243,0.0,1
BIPL,0.17904465344952963,0.0,1
BNL,12.232648784155199,0.0,1
BNWM,8.019477879498552,0.0,1
BOK,1.060237120441598,0.0,1
BOP,4.09645715862598,0.0,1
BPL,0.6205449422006991,0.0,1
BTL,8.782206692647364,0.0,1
BUXL,9.29711904970682,0.0,1
BWCL,0.7298627234922737,0.0,1
BWHL,0.12968176173634066,0.0,1
CCM,3.99946332296378,0.0,1
CENI,7.240779162165903,0.0,1
CEPB,3.088780460526347,0.0,1
CHAS,7.2554870859781895,0.0,1
CHCC,3.208914163105997,0.0,1
CLOV,8.84508755496397,0.0,1
COLG,1.0760998331055986,0.0,1
CPPL,0.9685420816316662,0.0,1
CRTM,2.24387127320299,0.0,1
CSAP,0.5631904784603621,0.0,1
CSIL,0.32301867345391966,0.0,1
CTM,5.69636756837279,0.0,1
CWSM,7.040446310697767,0.0,1
CYAN,2.5105249739635718,0.0,1
DAAG,3.5716941310934773,0.0,1
DADX,7.384547869480468,0.0,1
DCL,0.5846756519640117,0.0,1
DCR,0.4682616457248096,0.0,1
DEL,13.929399412639498,0.0,1
DFML,2.8536378627199177,0.0,1
DFSM,0.44545195697209655,0.0,1
DGKC,3.690422735560745,0.0,1
DINT,0.7842961788177507,0.0,1
DLL,3.2537458224335807,0.0,1
DNCC,22.966232180237093,0.0,1
DOL,6.8489929217921635,0.0,1
DSIL,20.616995638499297,0.0,1
DSL,3.009738559431925,0.0,1
DWSM,2.808723916039753,0.0,1
DWTM,1.5180367395025562,0.0,1
DYNO,1.4427202044830827,0.0,1
ECOP,0.6022518402337942,0.0,1
EFERT,2.3435351406154767,0.0,1
EFUG,1.4453959439671105,0.0,1
EFUL,1.4190455941650042,0.0,1
ELCM,3.686463618195225,0.0,1
ELSM,0.3047014588744806,0.0,1
EMCO,1.5046449007543221,0.0,1
EPCL,2.1425062141662563,0.0,1
EPQL,3.383014101796167,0.0,1
ESBL,19.143862966699384,0.0,1
EXIDE,7.814987031949541,0.0,1
FABL,4.100744950880088,0.0,1
FANM,5.886733828755151,0.0,1
FATIMA,3.2590078128901605,0.0,1
FCCL,3.61264766521531,0.0,1
FCEPL,1.2690264334338575,0.0,1
FCIBL,15.771840945728552,0.0,1
FCSC,9.308263163991061,0.0,1
FECM,16.91283552190582,0.0,1
FECTC,8.636656744593862,0.0,1
FEM,3.9418007663549317,0.0,1
FEROZ,0.8027589979027533,0.0,1
FFC,12.563203195464492,0.0,1
FFL,0.5512937918666373,0.0,1
FFLM,2.003995625894927,0.0,1
FHAM,0.8701096623917572,0.0,1
FIBLM,0.22712430576725223,0.0,1
FIMM,7.551318926307378,0.0,1
FLYNG,3.6695976796430516,0.0,1
FML,1.2454373026951313,0.0,1
FNEL,3.8114550382966,0.0,1
FPJM,1.5666000858212858,0.0,1
FPRM,5.025900565660922,0.0,1
FRCL,13.72397809069678,0.0,1
FRSM,1.0863476291576954,0.0,1
FTMM,23.11544375596625,0.0,1
FTSM,3.124650434134404,0.0,1
FZCM,0.42414943464106175,0.0,1
GADT,5.828395635304047,0.0,1
GAMON,1.5307204521235165,0.0,1
GATI,1.8010235923459041,0.0,1
GATM,2.3017215452348996,0.0,1
GFIL,1.2029660771345696,0.0,1
GGGL,7.023369546042783,0.0,1
GGL,9.412113756543672,0.0,1
GHGL,1.1051841378750538,0.0,1
GHNI,0.356377076215503,0.0,1
GLAXO,0.45281571917852975,0.0,1
GLPL,5.631126482335682,0.0,1
GOC,4.438654604015739,0.0,1
GRYL,3.98146446720362,0.0,1
GTYR,2.428959640684606,0.0,1
GVGL,5.266000606308314,0.0,1
GWLC,6.386269400229894,0.0,1
HABSM,0.7826225320959903,0.0,1
HASCOL,2.178745918244415,0.0,1
HBL,2.741657842227118,0.0,1
HCAR,1.0508411713882588,0.0,1
HGFA,0.6206488435958997,0.0,1
HICL,2.445333209860836,0.0,1
HIFA,0.3697548035919728,0.0,1
HINO,0.28337323590932706,0.0,1
HINOON,0.556131561832345,0.0,1
HIRAT,1.8899218868121208,0.0,1
HMB,1.1107230397123689,0.0,1
HRPL,1.2521186869113896,0.0,1
HTL,2.089066522217183,0.0,1
HUBC,1.5439959860777392,0.0,1
HUMNL,0.5234763445657384,0.0,1
IBLHL,12.52267796444356,0.0,1
ICIBL,6.725358122652307,0.0,1
ICL,4.435547128567727,0.0,1
IDRT,1.689151069613953,0.0,1
IDSM,12.859002351760857,0.0,1
IDYM,0.8820121722590344,0.0,1
IGIHL,8.446332133054616,0.0,1
IGIL,9.66980077667461,0.0,1
ILP,1.4949807604073897,0.0,1
INDU,0.0456033146805379,0.0,1
INIL,0.25583222208476464,0.0,1
INKL,21.66475748566613,0.0,1
ISIL,0.6839199273201244,0.0,1
ISL,1.005939367950235,0.0,1
ITTEFAQ,0.5599536844755246,0.0,1
JATM,2.2885622288078706,0.0,1
JDMT,6.531950781058906,0.0,1
JDWS,0.4016867645195696,0.0,1
JGICL,1.4309891552645013,0.0,1
JKSM,1.371943372471047,0.0,1
JLICL,1.3443256919906037,0.0,1
JSBL,0.984258535819312,0.0,1
JSCL,0.3463585769712395,0.0,1
JSGCL,2.093117832109919,0.0,1
JSIL,6.068091762532765,0.0,1
JSML,6.597050990442332,0.0,1
JUBS,1.4767950054799226,0.0,1
JVDC,0.7446001439103108,0.0,1
KAPCO,0.8696897303525747,0.0,1
KCL,1.6347370403541044,0.0,1
KEL,2.2961515862924835,0.0,1
KHTC,1.7451182293994474,0.0,1
KHYT,5.643440261951045,0.0,1
KML,1.1461961743973226,0.0,1
KOHC,2.6460965876755638,0.0,1
KOHE,0.6589579582214355,0.0,1
KOHP,17.83050950480152,0.0,1
KOIL,9.905890239260142,0.0,1
KOSM,0.054637408494851346,0.0,1
KPUS,16.863658174706085,0.0,1
KSBP,3.803018588757482,0.0,1
KTML,20.98607458674173,0.0,1
LEUL,1.0173907764668404,0.0,1
LOADS,1.0844074400585952,0.0,1
LOTCHEM,0.056342345378825,0.0,1
LPGL,7.461978951051511,0.0,1
LPL,2.9137931752108566,0.0,1
LUCK,0.855804622449596,0.0,1
MACFL,1.917269750583269,0.0,1
MACTER,1.0881860967911818,0.0,1
MARI,0.22236212385835383,0.0,1
MCB,0.1552458529945824,0.0,1
MDTL,5.274730980478901,0.0,1
MEBL,2.7295662799747653,0.0,1
MEHT,6.725065969749982,0.0,1
MERIT,3.0373462882531674,0.0,1
MFFL,0.21277318707388576,0.0,1
MFL,28.23851693853612,0.0,1
MLCF,2.5126072709766754,0.0,1
MQTM,14.454653178047286,0.0,1
MRNS,4.3735146874474635,0.0,1
MSCL,6.255767930004296,0.0,1
MSOT,31.01148094598291,0.0,1
MTL,0.9863858394917034,0.0,1
MUGHAL,1.753550690141605,0.0,1
MUREB,0.38998044685615396,0.0,1
NAGC,5.247876442956816,0.0,1
NATF,1.5376585876736957,0.0,1
NBP,2.406562962331336,0.0,1
NCL,1.4124634483528447,0.0,1
NCML,0.7205117702484287,0.0,1
NCPL,1.580104032823896,0.0,1
NESTLE,0.42076749524995244,0.0,1
NETSOL,1.580803796251528,0.0,1
NEXT,20.547434850900775,0.0,1
NICL,0.02008935154786868,0.0,1
NML,4.058085241869631,0.0,1
NONS,1.4526148073068534,0.0,1
NPL,2.5114344170866048,0.0,1
NRL,10.091651460636735,0.0,1
NRSL,0.6355032996235684,0.0,1
NSRM,4.691339565711635,0.0,1
OGDC,1.331092149225881,0.0,1
OLPL,0.978277939778866,0.0,1
OML,1.7391625630491176,0.0,1
ORM,1.5169688289593137,0.0,1
OTSU,6.8136439737296355,0.0,1
PACE,7.47817805069494,0.0,1
PAEL,1.3747203200368474,0.0,1
PAKD,0.16607944284084267,0.0,1
PAKOXY,0.6132197744729693,0.0,1
PAKRI,5.493564742373583,0.0,1
PAKT,0.283857212493995,0.0,1
PASL,6.184133997640506,0.0,1
PCAL,0.5530084523817433,0.0,1
PECO,2.8593072656408745,0.0,1
PGLC,0.17812580631606173,0.0,1
PIBTL,1.0450592003682668,0.0,1
PICT,0.6594561638468199,0.0,1
PIL,1.8093768499288312,0.0,1
PIM,10.36228655301608,0.0,1
PINL,0.3397807540531723,0.0,1
PIOC,21.202112495609036,0.0,1
PKGI,27.64595167618796,0.0,1
PKGP,2.6453345700128232,0.0,1
PKGS,0.4278649356911154,0.0,1
PMRS,2.1852206742212505,0.0,1
PNSC,1.9445540319130077,0.0,1
POL,0.9494286972955963,0.0,1
POML,0.10699344833199315,0.0,1
POWER,1.6196989463529647,0.0,1
PPL,1.8558091507276369,0.0,1
PPP,2.154898365124439,0.0,1
PPVC,19.761519308030344,0.0,1
PREMA,0.28515884123411245,0.0,1
PRET,2.9834164875858185,0.0,1
PRL,0.12472871576366264,0.0,1
PRWM,0.7712839017682995,0.0,1
PSO,3.222282070959468,0.0,1
PSX,2.0156754556010057,0.0,1
PSYL,3.9295562101336965,0.0,1
PTC,8.778220599001147,0.0,1
QUET,5.177730416606082,0.0,1
QUICE,3.4109504832671846,0.0,1
REDCO,7.636960787567697,0.0,1
REWM,0.42022768045687986,0.0,1
RICL,0.30361849579486727,0.0,1
RMPL,0.6239711111695951,0.0,1
RPL,0.5368678536412662,0.0,1
RUBY,6.0487479678012095,0.0,1
RUPL,0.9778007247278895,0.0,1
SAIF,19.934238468136652,0.0,1
SANSM,3.3396989129206154,0.0,1
SAPT,1.1564623926171484,0.0,1
SARC,0.8742800223983253,0.0,1
SAZEW,1.7676503614337487,0.0,1
SBL,1.4865908538601842,0.0,1
SCBPL,0.6473100428446937,0.0,1
SCL,32.231433952960245,0.0,1
SEARL,2.807632124343932,0.0,1
SEL,15.705266810233908,0.0,1
SEPL,2.1439061818918517,0.0,1
SERT,1.1259348225593513,0.0,1
SFL,1.001607545995391,0.0,1
SHCM,4.969100398411582,0.0,1
SHDT,1.5049816987119102,0.0,1
SHEZ,1.87459787392704,0.0,1
SHFA,0.40371860273253374,0.0,1
SHJS,1.0851348307086772,0.0,1
SHNI,19.43314256668388,0.0,1
SHSML,3.5970270076738524,0.0,1
SIBL,2.9321671162528524,0.0,1
SIEM,3.1027979546714892,0.0,1
SINDM,2.0041257464444757,0.0,1
SITC,2.133447195064131,0.0,1
SKRS,0.7081021789909544,0.0,1
SLYT,13.089980892454003,0.0,1
SMCPL,8.499297667746578,0.0,1
SML,5.459337399043893,0.0,1
SNAI,3.9452333186054456,0.0,1
SNBL,1.266926267003487,0.0,1
SNGP,2.5572552982625134,0.0,1
SPEL,4.187364178765122,0.0,1
SPL,30.60925827093497,0.0,1
SPWL,3.008807469965062,0.0,1
SRVI,0.6708396492485413,0.0,1
SSGC,0.3806647158669519,0.0,1
SSML,11.923688617962176,0.0,1
SSOM,2.46434592417592,0.0,1
STCL,6.180823087842198,0.0,1
STJT,2.3511754275925045,0.0,1
STML,0.9181517241345241,0.0,1
STPL,2.9839942453633097,0.0,1
SURC,2.3311619181925316,0.0,1
SUTM,7.2152596028252844,0.0,1
SYS,1.158365540337622,0.0,1
TATM,22.098988304857855,0.0,1
TELE,7.80012569532106,0.0,1
TGL,7.8998871667253185,0.0,1
THALL,1.440478156085718,0.0,1
THCCL,5.768997420919534,0.0,1
TICL,12.634130214508371,0.0,1
TOMCL,9.130598407869122,0.0,1
TOWL,1.1784152032291215,0.0,1
TPL,9.504256250815796,0.0,1
TPLI,4.938302620697449,0.0,1
TPLP,5.995454603715872,0.0,1
TPLT,3.926642769051411,0.0,1
TREET,5.232285732226557,0.0,1
TRG,2.194699519344443,0.0,1
TRIPF,0.19418967352972114,0.0,1
TRSM,12.167445788376817,0.0,1
TSBL,2.722048950517225,0.0,1
TSMF,3.4441862180968066,0.0,1
TSML,10.169743379848214,0.0,1
TSPL,1.028230400809569,0.0,1
UBDL,1.951388415414049,0.0,1
UBL,0.12518066667778532,0.0,1
UCAPM,4.602354028417803,0.0,1
UDPL,1.0279737610506967,0.0,1
UNIC,1.389602860650267,0.0,1
UNITY,1.7722695445716035,0.0,1
UPFL,0.4396459936273097,0.0,1
UVIC,0.4602589332042686,0.0,1
WAHN,2.4692241581339354,0.0,1
WAVES,5.359488401963186,0.0,1
WTL,3.746175790717133,0.0,1
YOUW,2.005728448895965,0.0,1
ZAHID,0.9933382358756762,0.0,1
ZIL,4.12478925905992,0.0,1
ZTL,0.7308398485249276,0.0,1
