symbol,current_price,predicted_price,change_pct,direction,confidence,recommendation,price_change,percent_change
786,12.95,13.278434949928016,-0.5360706329345697,UP,0.469061803817749,HOLD,0.3284349499280168,2.5361772195213654
AABS,1049.31,1040.1880046770111,-0.7046729087829525,DOWN,0.616588795185089,HOLD,-9.121995322988823,-0.8693327351296399
ABL,174.77,171.9582620630772,-0.6193935871124268,DOWN,0.5419693887233734,HOLD,-2.8117379369228104,-1.6088218440938433
ABOT,1077.03,1083.493033590623,-0.6753343105316079,UP,0.5909175217151641,HOLD,6.463033590623127,0.6000792541176315
ACPL,283.44,285.6096934882002,-0.4011425018310504,UP,0.3509996891021728,HOLD,2.1696934882002097,0.7654859893452617
ADAMS,70.8,72.57111219024658,-0.5875175476074239,UP,0.5140778541564941,HOLD,1.7711121902465834,2.5015708901787903
ADMM,50.96,48.24723886537552,-0.5211569786071717,DOWN,0.4560123562812805,HOLD,-2.712761134624479,-5.323314628383986
ADOS,25.5,25.39363438081741,-0.4171200752258428,DOWN,0.3649800658226013,HOLD,,
AEL,14.33,14.432864026327133,0.7178229331970186,UP,0.6280950665473938,HOLD,,
AGIC,38.3,38.5871569741461,-0.6254052162170451,UP,0.5472295641899109,HOLD,0.2871569741461002,0.7497571126530032
AGIL,143.0,143.29615842438295,-0.4196216106414827,UP,0.3671689093112945,HOLD,0.29615842438295203,0.20710379327479161
AGL,68.07,70.06535089588165,-0.6165235519409217,UP,0.5394581079483032,HOLD,1.995350895881657,2.931322015398351
AGP,184.0,186.6125010426079,-0.6534791946411165,UP,0.571794295310974,HOLD,2.612501042607903,1.419837523156469
AGSML,9.21,9.08025380804443,-0.7622493267059203,DOWN,0.666968160867691,HOLD,-0.12974619195557047,-1.4087534414285607
AGTL,394.12,399.7516340030711,-0.529603576660159,UP,0.4634031295776367,HOLD,5.631634003071099,1.428913529653684
AHCL,15.35,15.247686806265694,0.4458926200866819,DOWN,0.3901560425758361,HOLD,-0.10231319373430559,-0.6665354640671374
AHL,100.35,98.59339888199752,-0.4810748100280738,DOWN,0.4209404587745666,HOLD,-1.7566011180024788,-1.7504744574015734
AHTM,95.0,94.48458787235867,-0.5739355087280333,DOWN,0.5021935701370239,HOLD,-0.5154121276413264,-0.5425390817277119
AICL,77.02,77.21408919810632,-0.6764968872070258,UP,0.5919347763061523,HOLD,0.19408919810632597,0.25199843950444817
AKBL,95.95,97.87363898625604,-0.4134715080261297,UP,0.3617875695228576,HOLD,1.9236389862560372,2.004834795472681
ALAC,11.62,11.906828613281249,-0.7764282226562595,UP,0.6793746948242188,HOLD,0.28682861328124964,2.468404589339498
ALNRS,111.1,99.2838942527771,-0.7161057472228975,DOWN,0.6265925288200378,HOLD,-11.816105747222892,-10.635558728373441
ALTN,10.91,11.072784714640743,0.4789859771728471,UP,0.4191127300262451,HOLD,0.1627847146407433,1.4920688784669411
AMBL,10.27,10.04847999572754,0.4847999572753991,DOWN,0.4241999626159667,HOLD,-0.22152000427245966,-2.1569620669178153
ANL,11.66,11.748200255473911,-0.607440280914298,UP,0.5315102458000183,HOLD,0.08820025547391097,0.7564344380266808
ANTM,36.6,34.48512909535998,-0.6192266941070557,DOWN,0.5418233573436737,HOLD,-2.1148709046400214,-5.778335805027381
APL,540.2,532.8002571194339,-0.5078731536865294,DOWN,0.444389009475708,HOLD,-7.399742880566123,-1.3698154166172014
ARPL,440.55,421.4669011930255,-0.414229011535641,DOWN,0.3624503850936889,HOLD,-19.083098806974533,-4.331653343996035
ASC,14.78,15.2088098657079,-0.4659022808074999,UP,0.4076644957065582,HOLD,0.42880986570790114,2.9012846123673963
ASHT,21.79,21.54575248450076,-0.7565481662750296,DOWN,0.6619796454906464,HOLD,-0.2442475154992394,-1.1209156287252842
ASL,12.81,12.99843783342252,-0.6235633850097715,UP,0.5456179618835448,HOLD,0.18843783342251896,1.4710213381929662
ASTL,22.79,22.037413828641565,-0.418370246887209,DOWN,0.3660739660263061,HOLD,-0.7525861713584341,-3.3022649028452573
ASTM,20.42,20.934934047577883,-0.54662799835204,UP,0.4782994985580444,HOLD,0.5149340475778814,2.5217142388730722
ATBA,232.55,238.6395185727233,-0.4174932479858401,UP,0.3653065919876098,HOLD,6.089518572723279,2.6185846367332957
ATIL,77.31,76.43871798378778,-0.4963313102722199,DOWN,0.4342898964881896,HOLD,-0.8712820162122199,-1.1269978220310695
ATLH,1471.19,1474.5381332279126,-0.418531608581548,UP,0.3662151575088501,HOLD,3.3481332279125127,0.22757993378914435
ATRL,675.28,671.755097219662,-0.6308869838714591,DOWN,0.5520261108875274,HOLD,-3.524902780337925,-0.5219912895891963
AVN,42.96,43.07170124346432,-0.5502196311950608,UP,0.4814421772956848,HOLD,0.1117012434643172,0.26001220545697673
BAFL,102.14,103.34592812176092,-0.6193573951721303,UP,0.5419377207756042,HOLD,1.2059281217609197,1.180661955904562
BAHL,181.09,184.0770065129776,-0.4289439201354821,UP,0.3753259301185607,HOLD,2.9870065129775867,1.649459668108447
BAPL,40.64,38.72774056659631,-0.5450900554656907,DOWN,0.4769537985324859,HOLD,-1.9122594334036904,-4.705362779044514
BATA,1225.03,1224.945420161852,-0.4085100173950236,DOWN,0.357446265220642,HOLD,-0.0845798381478744,-0.006904307498418357
BCL,91.05,89.87271345984331,-0.5392730712890547,DOWN,0.4718639373779296,HOLD,-1.177286540156686,-1.29301102708038
BERG,100.94,99.17715504179026,-0.5144421577453661,DOWN,0.4501368880271911,HOLD,-1.7628449582097403,-1.7464285300274818
BGL,14.39,12.661116311937365,-0.6191794395446661,DOWN,0.541782009601593,HOLD,-1.728883688062636,-12.014480111623598
BHAT,871.44,799.8189976580827,-0.7717955112457219,DOWN,0.6753210723400116,HOLD,-71.62100234191735,-8.21869576125922
BIFO,167.96,169.89082007519715,0.4379699707031306,UP,0.3832237243652343,HOLD,1.930820075197147,1.1495713712771771
BILF,40.9900016784668,40.80256474226663,-0.4572747707366829,DOWN,0.4001154243946075,HOLD,,
BIPL,30.79,30.85465729761875,-0.6930878639221258,UP,0.6064518809318542,HOLD,0.06465729761875139,0.20999447099302174
BIPLS,10.37,10.29181976858616,-0.753907728195185,DOWN,0.6596692621707916,HOLD,,
BNL,138.39,120.46946627886857,0.659647369384765,DOWN,0.5771914482116699,HOLD,-17.92053372113142,-12.949298158198875
BNWM,61.49,66.69122564280241,-0.5647443771362366,UP,0.4941513299942016,HOLD,5.201225642802406,8.45865285868012
BOK,33.75,33.80464931678772,-0.574560832977302,UP,0.502740728855133,HOLD,0.05464931678771734,0.16192390159323655
BOP,33.96,34.86190350242384,-0.7066280364990156,UP,0.6182995319366454,HOLD,0.901903502423842,2.655781809257485
BPL,31.5,31.69547165679322,-0.5788190364837642,UP,0.5064666569232941,HOLD,0.1954716567932202,0.6205449422006991
BRR,10.02,9.971891699752806,-0.4801227569580177,DOWN,0.4201074123382568,HOLD,,
BTL,309.26,336.4198524176812,-0.7025193214416567,UP,0.6147044062614441,HOLD,27.159852417681236,8.782206692647364
BUXL,149.8,137.81395731587546,-0.5814729690551717,DOWN,0.5087888479232788,HOLD,-11.986042684124556,-8.001363607559783
BWCL,547.67,549.904466580089,-0.705211353302007,UP,0.6170599341392516,HOLD,2.2344665800890198,0.40799506638833966
BWHL,177.19,177.22953671827332,-0.4496220111846891,UP,0.3934192597866058,HOLD,0.03953671827332528,0.02231317697010287
BYCO,9.97,9.919809190483091,-0.5034183502197338,DOWN,0.4404910564422607,HOLD,,
CCM,52.26,51.61948857124238,-0.7889875411987302,DOWN,0.6903640985488891,HOLD,-0.6405114287576197,-1.2256246244883653
CENI,59.08,54.80214767099238,-0.5766532421112185,DOWN,0.5045715868473053,HOLD,-4.277852329007615,-7.240779162165903
CEPB,32.54,31.060045862401303,0.485428714752192,DOWN,0.4247501254081726,HOLD,-1.4799541375986962,-4.548107368158255
CHAS,75.0,69.55838468551636,-0.6308790206909163,DOWN,0.5520191431045531,HOLD,-5.441615314483641,-7.2554870859781895
CHCC,323.36,329.6699136197932,0.4172786712646299,UP,0.3651188373565673,HOLD,6.309913619793178,1.9513587394214431
CLOV,37.96,37.78371120846744,0.4084776401519827,DOWN,0.3574179351329803,HOLD,-0.1762887915325635,-0.4644067216347827
COLG,1265.6,1278.2386813194034,0.5434250354766874,UP,0.475496906042099,HOLD,12.638681319403531,0.9986315833915559
CPPL,100.69,98.06094963076832,-0.6273314476013206,DOWN,0.5489150166511535,HOLD,-2.6290503692316776,-2.611034233023813
CRTM,24.02,23.383265991449846,-0.454379653930652,DOWN,0.397582197189331,HOLD,-0.6367340085501532,-2.650849327852428
CSAP,98.01,97.25914339301792,-0.5936763763427853,DOWN,0.5194668292999267,HOLD,-0.750856606982083,-0.7661020375289083
CSIL,5.19,5.08352604765385,-0.51808385848998,DOWN,0.4533233761787414,HOLD,-0.10647395234615065,-2.0515212398102243
CTM,6.28,6.616592609780136,-0.6517603397369417,UP,0.5702902972698212,HOLD,0.33659260978013616,5.359754932804716
CWSM,44.86,39.71232133606991,-0.4204607009887767,DOWN,0.3679031133651733,HOLD,-5.147678663930087,-11.474985875903004
CYAN,48.58,49.89187250482807,-0.5741885185241629,UP,0.5024149537086486,HOLD,1.3118725048280737,2.700437432746138
DAAG,89.48,94.5091708946228,-0.5166622161865283,UP,0.452079439163208,HOLD,5.029170894622794,5.620441321661594
DADX,61.9,57.88465758157471,-0.5759938716888398,DOWN,0.5039946377277374,HOLD,-4.015342418425291,-6.486821354483507
DAWH,219.9900054931641,221.0974794307442,0.5034201145172067,UP,0.4404926002025603,HOLD,,
DCL,12.72,12.585980062461356,-0.5846744537353518,DOWN,0.5115901470184326,HOLD,-0.13401993753864438,-1.0536158611528645
DCR,32.3,32.238330052949735,0.4656583309173637,DOWN,0.4074510395526886,HOLD,-0.06166994705026241,-0.19092862863858334
DEL,23.43,26.71644416226396,-0.662570810317993,UP,0.5797494590282439,HOLD,3.2864441622639617,14.026650287084772
DFML,27.24,27.56477494720894,-0.4881798267364545,UP,0.4271573483943939,HOLD,0.3247749472089403,1.1922721997391348
DFSM,5.26,5.263341682545338,-0.691669940948481,UP,0.6052111983299255,HOLD,0.003341682545338287,0.06353008641327541
DGKC,219.75,226.35619283172912,-0.4108409881591857,UP,0.3594858646392822,HOLD,6.606192831729118,3.0062310952123403
DINT,70.0,69.45099267482757,-0.7842961788177507,DOWN,0.6862591564655304,HOLD,-0.5490073251724255,-0.7842961788177507
DKL,5.89,5.850448679995536,-0.6714994907379163,DOWN,0.5875620543956757,HOLD,,
DLL,485.08,472.9537381724512,0.5044310569763251,DOWN,0.4413771748542785,HOLD,-12.126261827548774,-2.4998478245956903
DNCC,23.2,19.659017547603494,-0.6920722961425764,DOWN,0.6055632591247558,HOLD,-3.5409824523965057,-15.2628553982608
DOL,33.52,32.28613905330683,-0.5049667358398446,DOWN,0.4418458938598632,HOLD,-1.23386094669317,-3.6809694113758056
DSIL,14.0,12.224982671671109,-0.6098985195159935,DOWN,0.5336612045764922,HOLD,-1.7750173283288913,-12.678695202349225
DSL,7.77,7.613735523084594,0.4450606822967561,DOWN,0.3894280970096588,HOLD,-0.15626447691540601,-2.0111258290271046
DWSM,7.4,7.700373421311378,-0.640342950820933,UP,0.5603000819683075,HOLD,0.30037342131137734,4.059100287991586
DWTM,6.23,6.292997452345786,-0.427258205413818,UP,0.373850929737091,HOLD,0.06299745234578591,1.0111950617301106
DYNO,275.08,270.29333983920515,-0.4627685546874999,DOWN,0.4049224853515625,HOLD,-4.786660160794838,-1.740097484657132
ECOP,57.39,57.94689705997467,-0.5374235153198269,UP,0.4702455759048461,HOLD,0.5568970599746663,0.9703729917662768
EFERT,215.17,211.7778096940613,-0.4242008209228498,DOWN,0.3711757183074951,HOLD,-3.3921903059386977,-1.5765163851553181
EFGH,22.989999771118164,22.85052443245509,-0.6066782951355015,DOWN,0.5308435082435607,HOLD,,
EFUG,125.0,124.17880111060144,-0.5376042366027776,DOWN,0.4704037070274353,HOLD,-0.8211988893985591,-0.6569591115188473
EFUL,154.0,154.68432834022047,-0.6076409816741765,UP,0.53168585896492,HOLD,0.6843283402204747,0.44436905209121735
ELCM,210.05,216.6943403156662,-0.4528021335601786,UP,0.396201866865158,HOLD,6.644340315666199,3.163218431643037
ELSM,129.6,125.45656368415236,-0.7922757148742653,DOWN,0.6932412505149841,HOLD,-4.143436315847637,-3.1970959227219424
EMCO,71.53,74.8698260787964,0.4424819946289064,UP,0.3871717453002929,HOLD,3.339826078796392,4.669126350896676
ENGRO,443.3064735107458,440.42815981777153,-0.649283027648924,DOWN,0.56812264919281,HOLD,,
EPCL,29.43,29.60089830086538,0.5806931495666507,UP,0.5081065058708191,HOLD,0.1708983008653817,0.5806941925429212
EPQL,29.99,29.04306596100007,-0.401007843017585,DOWN,0.3508818626403808,HOLD,-0.9469340389999275,-3.157499296431902
ESBL,11.22,9.977647309909296,0.4798288345337022,DOWN,0.41985023021698,HOLD,-1.242352690090705,-11.072662122020542
EXIDE,640.0,631.4765573324424,-0.4514092445373525,DOWN,0.3949830889701843,HOLD,-8.52344266755756,-1.3317879168058688
FABL,81.62,84.2903731867276,-0.6946560859680272,UP,0.6078240752220153,HOLD,2.670373186727602,3.271714269453077
FANM,8.31,7.877280378533193,0.4755130767822331,DOWN,0.4160739421844482,HOLD,-0.4327196214668074,-5.20721566145376
FATIMA,137.7,134.11203746899037,-0.5177361488342312,DOWN,0.4530191302299499,HOLD,-3.587962531009623,-2.6056372774216583
FCCL,52.37,53.41231987141849,-0.5171889781951902,UP,0.4525403559207916,HOLD,1.042319871418492,1.9902995444309568
FCEPL,84.19,85.10648981465782,-0.704129362106327,UP,0.6161131918430328,HOLD,0.9164898146578224,1.0885970004250178
FCIBL,15.41,14.27667295969901,-0.6494566917419388,DOWN,0.5682746052742004,HOLD,-1.1333270403009905,-7.354490852050555
FCSC,7.09,7.58599346358098,-0.5767581939697322,UP,0.5046634197235107,HOLD,0.4959934635809802,6.995676496205644
FDIBL,2.3,2.2839466305732725,-0.6979725837707524,DOWN,0.6107260107994079,HOLD,,
FECM,29.16,24.28637817694693,-0.5064386367797798,DOWN,0.443133807182312,HOLD,-4.873621823053071,-16.713380737493384
FECTC,158.19,174.68774404530694,-0.5732113838195846,UP,0.5015599608421325,HOLD,16.497744045306945,10.42906886990767
FEM,11.55,11.506357344835491,-0.4640404224395771,DOWN,0.4060353696346283,HOLD,-0.04364265516450949,-0.37785848627280944
FEROZ,400.13,397.9198125558129,-0.6045320987701377,DOWN,0.5289655864238738,HOLD,-2.210187444187113,-0.5523673416607385
FFBL,88.94000244140625,88.46006463867735,-0.5396197319030674,DOWN,0.4721672654151916,HOLD,,
FFC,557.37,494.507548007731,-0.6370038509368956,DOWN,0.5573783695697784,HOLD,-62.86245199226903,-11.27840608433698
FFL,18.63,18.72265090404557,-0.4643730163574155,UP,0.4063263893127441,HOLD,0.09265090404556986,0.49732100936967183
FFLM,13.75,14.08675179593609,-0.6691617488861044,UP,0.5855165302753448,HOLD,0.33675179593608995,2.4491039704442907
FHAM,35.43,35.191111069850926,0.4312504291534441,DOWN,0.377344125509262,HOLD,-0.23888893014907353,-0.6742560828367867
FIBLM,12.5,12.222177272543512,-0.632706642150876,DOWN,0.553618311882019,HOLD,-0.2778227274564884,-2.222581819651907
FIMM,278.75,276.54670635521416,-0.7904192447662223,DOWN,0.6916168391704559,HOLD,-2.2032936447858447,-0.7904192447662223
FLYNG,57.28,54.96612756399568,-0.7294046878814723,DOWN,0.638229101896286,HOLD,-2.313872436004324,-4.039581766767326
FML,69.06,69.41387181472778,0.5998142242431656,UP,0.5248374462127685,HOLD,0.35387181472778195,0.5124121267416477
FNEL,24.62,23.335341007709246,0.6267376899719218,DOWN,0.5483954787254333,HOLD,-1.2846589922907548,-5.217948790782919
FPJM,9.19,9.333970547886976,-0.4907203197479284,UP,0.4293802797794341,HOLD,0.14397054788697616,1.5666000858212858
FPRM,13.78,13.65336707353592,-0.7027849197387649,DOWN,0.6149368047714233,HOLD,-0.12663292646407953,-0.9189617305085598
FRCL,101.21,86.47445675969462,0.4115815162658651,DOWN,0.3601338267326355,HOLD,-14.735543240305375,-14.559374805162905
FRSM,54.3,55.25379761409759,-0.4436079025268598,UP,0.3881569147109985,HOLD,0.9537976140975957,1.7565333592957564
FTMM,21.84,17.529678823639696,-0.6817042350769013,DOWN,0.5964912056922912,HOLD,-4.310321176360304,-19.735902822162565
FTSM,13.24,13.03495581487459,0.6560309410095151,DOWN,0.5740270733833313,HOLD,-0.205044185125411,-1.5486720930922282
FUDLM,7.88,7.848264876937867,-0.4027299880981372,DOWN,0.3523887395858764,HOLD,,
FZCM,222.01,221.06834584015337,-0.4600164413452153,DOWN,0.402514386177063,HOLD,-0.941654159846621,-0.42414943464106175
GADT,344.57,361.478050971508,-0.4192697048187414,UP,0.3668609917163848,HOLD,16.908050971508032,4.907000310969624
GAIL,5.13,5.155865813755989,0.5042068958282512,UP,0.4411810338497161,HOLD,,
GAMON,24.37,24.367372908509644,-0.5819148063659657,DOWN,0.5091754555702209,HOLD,-0.002627091490357003,-0.010780022529162917
GATI,109.12,110.52294794681468,-0.7338318824768127,UP,0.6421028971672058,HOLD,1.4029479468146775,1.285692766509052
GATM,27.38,26.75955846876016,0.486516380310056,DOWN,0.4257018327713012,HOLD,-0.6204415312398375,-2.266039193717449
GFIL,14.95,14.6643097845768,-0.5135005950927701,DOWN,0.4493130207061767,HOLD,-0.28569021542319994,-1.910971340623411
GGGL,10.68,10.106559730345149,0.4628161907196186,DOWN,0.4049641668796539,HOLD,-0.5734402696548511,-5.369290914371265
GGL,26.8,24.66708142409316,-0.4958430290222139,DOWN,0.4338626503944396,HOLD,-2.1329185759068423,-7.958651402637471
GHGL,34.96,33.91103235912264,-0.6415725231170738,DOWN,0.5613759577274322,HOLD,-1.0489676408773576,-3.000479521960405
GHNI,789.53,790.6978593457943,-0.5874166488647599,UP,0.5139895677566528,HOLD,1.1678593457943407,0.1479182989619572
GHNL,553.97998046875,551.0337464884175,-0.5318304061889686,DOWN,0.4653516054153442,HOLD,,
GLAXO,389.53,388.0793629679024,-0.5281826019287078,DOWN,0.462159776687622,HOLD,-1.4506370320975748,-0.37240701155176104
GLPL,339.96,363.1598128462701,-0.4550722122192259,UP,0.3981881856918334,HOLD,23.199812846270106,6.824277222693878
GOC,126.76,117.10087264823912,-0.7619723320007352,DOWN,0.6667257905006408,HOLD,-9.659127351760887,-7.620012110887414
GRYL,26.89,26.20345834690013,-0.6692222118377676,DOWN,0.5855694353580474,HOLD,-0.6865416530998694,-2.553148579768945
GSKCH,288.25,286.1542005264759,-0.727077007293702,DOWN,0.6361923813819885,HOLD,,
GTYR,37.54,38.39037407332859,0.5246804237365779,UP,0.4590953707695007,HOLD,0.850374073328588,2.2652479310830795
GVGL,60.83,57.00144743518429,0.6026254653930698,DOWN,0.527297282218933,HOLD,-3.828552564815709,-6.293855934268796
GWLC,61.64,64.50199513735939,-0.5673001289367673,UP,0.4963876128196716,HOLD,2.8619951373593864,4.64308101453502
HABSM,83.43,83.47824624333511,-0.5145482063293407,UP,0.4502296805381774,HOLD,0.0482462433351003,0.057828411045307795
HASCOL,14.32,14.488946171207058,-0.6245113372802678,UP,0.5464474201202392,HOLD,0.16894617120705746,1.1797916983733063
HBL,291.45,285.4046050619845,-0.7150165081024196,DOWN,0.6256394445896148,HOLD,-6.045394938015477,-2.074247705615192
HCAR,283.24,283.4577145698612,-0.5027554512023891,UP,0.4399110198020934,HOLD,0.21771456986118665,0.07686575690622321
HGFA,17.41,17.391386452370718,0.4121637344360433,DOWN,0.3606432676315307,HOLD,-0.01861354762928258,-0.10691296742838931
HICL,12.5,12.311398948915562,-0.7145215511322043,DOWN,0.6252063572406769,HOLD,-0.18860105108443825,-1.508808408675506
HIFA,6.28,6.182776895901266,-0.5984388351440413,DOWN,0.5236339807510376,HOLD,-0.09722310409873458,-1.5481386002983213
HINO,509.8,507.7271484947205,-0.4456571578979421,DOWN,0.3899500131607055,HOLD,-2.072851505279516,-0.40660092296577405
HINOON,1109.34,1114.2826050629765,-0.5113708496093756,UP,0.4474494934082031,HOLD,4.942605062976554,0.44554465384612063
HIRAT,5.2,5.339031906868955,-0.5766849040985136,UP,0.5045992910861968,HOLD,0.13903190686895517,2.673690516710676
HMB,113.98,112.7337757347279,0.4846896171569846,DOWN,0.4241034150123596,HOLD,-1.2462242652721045,-1.0933709995368526
HMM,9.48,9.40890861591339,-0.7499091148376638,DOWN,0.6561704754829406,HOLD,,
HRPL,25.29,25.66457435327173,-0.6019571781158437,UP,0.526712530851364,HOLD,0.37457435327172917,1.4811164621262523
HSM,17.86,17.933136559991837,0.4094992160797182,UP,0.3583118140697479,HOLD,,
HTL,52.37,51.49135991596599,-0.6725313186645497,DOWN,0.5884649038314819,HOLD,-0.8786400840340107,-1.6777546000267534
HUBC,215.93,213.0292558849236,0.4381186962127787,DOWN,0.3833538591861725,HOLD,-2.9007441150764066,-1.343372442493589
HUMNL,15.18,15.110483943260464,-0.523473596572874,DOWN,0.4580393970012664,HOLD,-0.06951605673953587,-0.45794503780985424
IBLHL,80.28,67.15634012669668,0.69926176071166,DOWN,0.6118540406227111,HOLD,-13.123659873303325,-16.347359084832245
ICI,305.8099975585937,304.14924998625986,-0.5430651664733854,DOWN,0.475182020664215,HOLD,,
ICIBL,6.05,6.446211630608199,0.4082796573638844,UP,0.3572447001934051,HOLD,0.3962116306081995,6.548952572036355
ICL,152.35,150.7527122800875,-0.4791843891143788,DOWN,0.4192863404750824,HOLD,-1.5972877199124866,-1.048433029151616
IDRT,20.73,21.608944602292965,-0.6941894531250042,UP,0.607415771484375,HOLD,0.8789446022929646,4.239964314003688
IDSM,24.0,26.81529895877838,-0.6840779304504391,UP,0.5985681891441345,HOLD,2.8152989587783814,11.730412328243256
IDYM,161.28,162.55350003749518,-0.7367455482482875,UP,0.6446523547172546,HOLD,1.2735000374951824,0.7896205589627867
IGIHL,288.49,307.64055499504934,0.4934341907501309,UP,0.4317549169063568,HOLD,19.150554995049333,6.638204095479681
IGIL,20.59,20.24299764594722,-0.525811958312988,DOWN,0.4600854635238647,HOLD,-0.3470023540527798,-1.6852955514948025
ILP,75.16,75.81675062802432,-0.7244364261627176,UP,0.6338818728923797,HOLD,0.6567506280243265,0.873803390133484
IMSL,15.01,14.943994082698822,-0.4397462844848619,DOWN,0.3847779989242553,HOLD,,
INDU,2013.23,2019.5305530704727,-0.4622916221618642,UP,0.404505169391632,HOLD,6.300553070472688,0.312957440057653
INIL,187.81,188.6513994922969,-0.6051651954650934,UP,0.5295195460319518,HOLD,0.8413994922968868,0.4480056931456721
INKL,100.71,86.13743266876152,0.6526257038116504,DOWN,0.5710474908351898,HOLD,-14.572567331238474,-14.469831527393978
ISIL,1951.29,1964.6352611498048,-0.5323526382446282,UP,0.4658085584640503,HOLD,13.345261149804855,0.6839199273201244
ISL,92.38,89.09465456884479,-0.430653524398807,DOWN,0.3768218338489532,HOLD,-3.285345431155207,-3.5563384186568596
ITTEFAQ,9.3,9.088820233238938,-0.4510392189025951,DOWN,0.3946593165397644,HOLD,-0.2111797667610631,-2.2707501802264844
JATM,23.0,22.34660581827164,-0.6817519187927227,DOWN,0.596532928943634,HOLD,-0.6533941817283591,-2.8408442683841697
JDMT,119.94,121.40381111009472,-0.781455945968627,UP,0.6837739527225494,HOLD,1.4638111100947242,1.2204528181546808
JDWS,814.44,801.776381376941,-0.6509854316711409,DOWN,0.5696122527122497,HOLD,-12.663618623059051,-1.5548866243135222
JGICL,80.33,81.34765330252213,-0.7350136280059676,UP,0.6431369245052337,HOLD,1.0176533025221346,1.2668409094013875
JKSM,189.57,186.96920694880663,-0.7225587368011535,DOWN,0.632238894701004,HOLD,-2.6007930511933637,-1.371943372471047
JLICL,170.96,171.27191041946412,-0.4233078956603951,UP,0.3703944087028503,HOLD,0.31191041946411246,0.18244643160044013
JOPP,47.49,47.78603416882038,0.6233610630035311,UP,0.5454409301280975,HOLD,,
JSBL,19.45,19.01102236112269,-0.4658535003662046,DOWN,0.4076218128204345,HOLD,-0.4389776388773079,-2.2569544415285754
JSCL,24.25,24.133299237761584,0.4298732757568475,DOWN,0.3761391162872314,HOLD,-0.11670076223841619,-0.48124025665326264
JSGCL,145.0,148.04523016834258,-0.6407851219177285,UP,0.560686981678009,HOLD,3.0452301683425844,2.1001587367879893
JSIL,41.19,43.68944699698724,0.5583747386932377,UP,0.4885778963565826,HOLD,2.4994469969872455,6.068091762532765
JSML,55.35,57.07206110028282,-0.7269795894622757,UP,0.6361071407794952,HOLD,1.722061100282822,3.111221500059299
JUBS,22.0,22.44666705521216,-0.6784660339355365,UP,0.5936577796936034,HOLD,0.4466670552121599,2.0303047964189083
JVDC,73.53,73.14130415395249,-0.4609406471252485,DOWN,0.4033230662345886,HOLD,-0.3886958460475114,-0.5286221216476423
KAPCO,30.03,30.240732981159702,0.534351921081547,UP,0.46755793094635,HOLD,0.21073298115970118,0.701741529003334
KCL,171.57,174.37471834013553,-0.7712271213531611,UP,0.6748237311840057,HOLD,2.804718340135537,1.6347370403541044
KEL,5.62,5.759273334308267,-0.7021871566772561,UP,0.6144137620925902,HOLD,0.1392733343082666,2.4781732083321457
KHTC,407.74,393.04900354693336,0.4957731246948121,DOWN,0.4338014841079711,HOLD,-14.690996453066646,-3.603030473602454
KHYT,1799.5,1901.053707513809,-0.4683922767639236,UP,0.4098432421684265,HOLD,101.55370751380906,5.643440261951045
KML,15.16,15.384336438125834,-0.4894152641296373,UP,0.4282383561134338,HOLD,0.22433643812583348,1.479791808217899
KOHC,101.57,103.03615175470873,-0.4962349414825531,UP,0.4342055737972259,HOLD,1.4661517547087328,1.4434889777579334
KOHE,17.35,17.61531764268875,0.6589579582214355,UP,0.5765882134437561,HOLD,0.2653176426887498,1.5292083152089324
KOHP,52.53,43.106114713781125,0.4102362155914322,DOWN,0.3589566886425018,HOLD,-9.423885286218876,-17.94000625588973
KOIL,58.48,61.085693794980784,0.5360360145568922,UP,0.4690315127372741,HOLD,2.6056937949807875,4.455700743811197
KOSM,7.06,7.153906574707382,-0.6401838302612256,UP,0.5601608514785766,HOLD,0.09390657470738262,1.3301214547787907
KPUS,127.0,148.41684588187672,-0.4181075096130371,UP,0.3658440709114074,HOLD,21.416845881876725,16.863658174706085
KSBP,211.24,220.5606538973919,-0.4195907592773464,UP,0.3671419143676757,HOLD,9.320653897391878,4.412352725521624
KTML,58.68,68.74428758018665,0.4446012973785458,UP,0.3890261352062225,HOLD,10.064287580186651,17.151137662213106
LEUL,49.58,48.52127504137596,-0.6322481632232643,DOWN,0.5532171428203583,HOLD,-1.0587249586240404,-2.1353871694716426
LMSM,58.040000915527344,57.62687534226109,-0.7117945671081592,DOWN,0.6228202462196349,HOLD,,
LOADS,18.49,18.498446561530724,-0.5994306564331056,UP,0.5245018243789673,HOLD,0.008446561530725205,0.045681782210520314
LOTCHEM,27.67,27.625556121559093,-0.6274932384490912,DOWN,0.5490565836429595,HOLD,-0.04444387844090869,-0.1606211725367137
LPGL,90.16,91.77920927634712,-0.4671833992004452,UP,0.4087854743003845,HOLD,1.6192092763471209,1.7959286561081644
LPL,27.34,26.669581014769577,-0.5237540245056114,DOWN,0.4582847714424133,HOLD,-0.6704189852304232,-2.4521542985750666
LUCK,428.42,430.6341145769353,-0.4613388538360459,UP,0.4036714971065521,HOLD,2.2141145769352875,0.5168093405852405
MACFL,25.25,24.694554460566327,0.5069384098052951,DOWN,0.4435711085796356,HOLD,-0.5554455394336735,-2.199784314588806
MACTER,346.22,347.03574287028414,-0.4658580780029265,UP,0.4076258182525634,HOLD,0.8157428702841116,0.23561402295768918
MARI,708.88,696.6574454150086,0.4089588165283266,DOWN,0.3578389644622802,HOLD,-12.222554584991371,-1.724206436208014
MCB,349.42,348.89750889129573,-0.502622127532959,DOWN,0.439794361591339,HOLD,-0.5224911087042869,-0.14953096809120456
MCBAH,27.27,27.47027322986126,0.7344086170196551,UP,0.6426075398921967,HOLD,,
MDTL,4.55,4.705780474827407,-0.7219261169433594,UP,0.6316853523254394,HOLD,0.15578047482740676,3.4237466995034453
MEBL,417.71,424.5504785652517,-0.5363878250122052,UP,0.4693393468856811,HOLD,6.840478565251715,1.63761426952951
MEHT,296.92,278.80810530982035,-0.7128992080688406,DOWN,0.6237868070602417,HOLD,-18.111894690179668,-6.099924117667946
MERIT,13.02,13.394855017472912,0.5619769096374522,UP,0.4917297959327697,HOLD,0.37485501747291217,2.8790707947228276
MFFL,194.99,196.04198579667465,0.4519277095794607,UP,0.3954367458820342,HOLD,1.0519857966746429,0.5395075627850879
MFL,71.1,55.93089989810495,-0.5849598884582539,DOWN,0.5118399024009704,HOLD,-15.169100101895047,-21.33488059338263
MLCF,102.78,102.04005396946872,-0.5360584735870387,DOWN,0.4690511643886565,HOLD,-0.7399460305312857,-0.7199319230699414
MODAM,5.65,5.620792274522782,-0.5169508934020935,DOWN,0.4523320317268371,HOLD,,
MQTM,33.42,27.819346786499025,-0.6451900482177665,DOWN,0.5645412921905517,HOLD,-5.600653213500976,-16.758387832139366
MRNS,72.18,74.11563277955645,-0.7025276184081947,UP,0.6147116661071776,HOLD,1.9356327795564425,2.6816746738105324
MSCL,14.0,13.152315759420397,-0.7372395515441904,DOWN,0.6450846076011657,HOLD,-0.8476842405796035,-6.054887432711453
MSOT,62.78,47.6434712587042,-0.5978073120117156,DOWN,0.5230813980102539,HOLD,-15.136528741295798,-24.110431254055108
MTIL,8.57,8.506646868195535,-0.7392430782318008,DOWN,0.646837693452835,HOLD,,
MTL,509.29,511.5364388313613,-0.4657353878021307,UP,0.4075184643268585,HOLD,2.2464388313612744,0.4410922718610761
MUGHAL,82.03,82.9901959428795,-0.4436236381530751,UP,0.3881706833839416,HOLD,0.9601959428794942,1.1705424148232284
MUREB,1030.37,1035.532687307366,-0.523285102844242,UP,0.4578744649887085,HOLD,5.162687307366014,0.501051787936956
NAGC,62.87,59.57066008031305,-0.7651819229126015,DOWN,0.6695341825485229,HOLD,-3.2993399196869504,-5.247876442956816
NATF,381.91,384.6144969642492,-0.4801159858703595,UP,0.4201014876365661,HOLD,2.704496964249188,0.7081503401977397
NBP,213.71,216.43627082088727,-0.5165134906768767,UP,0.4519493043422699,HOLD,2.7262708208872652,1.2756870623214942
NCL,43.72,43.61750052913656,-0.598223638534549,DOWN,0.5234456837177276,HOLD,-0.10249947086344235,-0.23444526729973092
NCML,15.0,14.891923234462736,-0.7205117702484168,DOWN,0.6304477989673614,HOLD,-0.10807676553726431,-0.7205117702484287
NCPL,25.59,26.0146646428062,-0.5935629844665535,UP,0.5193676114082336,HOLD,0.4246646428061993,1.6594945010011697
NESTLE,8049.33,7962.913074781841,-0.4433033466339152,DOWN,0.3878904283046722,HOLD,-86.41692521815912,-1.0735915314462088
NETSOL,126.46,128.8654076959247,-0.628150081634522,UP,0.5496313214302062,HOLD,2.405407695924694,1.9021095175744855
NEXT,13.32,11.639800794343037,-0.5145215034484919,DOWN,0.4502063155174255,HOLD,-1.6801992056569635,-12.614108150577804
NICL,227.0,223.3448595220064,-0.7312084674835361,DOWN,0.6398074090480804,HOLD,-3.655140477993598,-1.610194043168986
NML,140.12,144.42221650719085,-0.4190734863281147,UP,0.3666893005371093,HOLD,4.302216507190849,3.0703800365335776
NONS,86.81,84.00179113825163,-0.5778278350830067,DOWN,0.5055993556976318,HOLD,-2.808208861748369,-3.2348909823158265
NPL,35.45,36.463317222157706,0.5607250690460192,UP,0.4906344354152679,HOLD,1.0133172221577027,2.8584406830964815
NRL,425.36,373.1016647686497,-0.5486562728881768,DOWN,0.4800742387771606,HOLD,-52.258335231350316,-12.28567219093246
NRSL,33.41,33.39640734099652,-0.6355051040649482,DOWN,0.5560669660568237,HOLD,-0.013592659003478502,-0.04068440288380276
NSRM,95.33,90.8577459920071,-0.7669851303100595,DOWN,0.6711119890213012,HOLD,-4.472254007992902,-4.691339565711635
OGDC,254.04,247.4517539989564,0.4513102531433089,DOWN,0.3948964715003967,HOLD,-6.588246001043586,-2.5933892304533095
OLPL,48.01,47.49081790008206,-0.6676081657409662,DOWN,0.5841571450233459,HOLD,-0.5191820999179413,-1.081404082311896
OML,43.31,42.73044827648063,-0.6037529468536279,DOWN,0.5282838284969329,HOLD,-0.5795517235193728,-1.338147595288323
ORIXM,20.89999961853028,20.75767701046361,-0.680969429016108,DOWN,0.595848250389099,HOLD,,
ORM,11.77,11.765816687276384,-0.6265495300292873,DOWN,0.5482308387756347,HOLD,-0.004183312723615273,-0.035542164176850244
OTSU,349.07,345.0131645516634,-0.6470210075378525,DOWN,0.5661433815956115,HOLD,-4.056835448336585,-1.162183931113125
PACE,25.5,27.095248686580195,-0.6043710231780955,UP,0.528824645280838,HOLD,1.5952486865801951,6.2558772022752756
PAEL,51.97,52.92774147909124,-0.6238393783569304,UP,0.5458594560623169,HOLD,0.95774147909124,1.8428737330984029
PAKD,181.7,170.97348100098503,0.5371536254882889,DOWN,0.470009422302246,HOLD,-10.726518999014957,-5.903422674196454
PAKMI,1.6,1.5900332641601564,-0.6229209899902277,DOWN,0.5450558662414551,HOLD,,
PAKOXY,314.72,316.6860365106193,-0.4225897789001429,UP,0.3697660565376282,HOLD,1.9660365106192899,0.6246938582293117
PAKRI,16.16,17.132154914161468,0.5408098220825273,UP,0.4732085943222046,HOLD,0.972154914161468,6.015810112385322
PAKT,1575.35,1559.5343202829365,-0.666603803634632,DOWN,0.5832783281803131,HOLD,-15.815679717063404,-1.003947041423392
PASL,3.46,3.377371176084942,-0.6655564308166513,DOWN,0.5823618769645691,HOLD,-0.0826288239150581,-2.388116298123067
PCAL,172.39,172.05324007653434,0.5394934654235859,DOWN,0.4720567822456359,HOLD,-0.33675992346564954,-0.19534771359455277
PECO,470.53,418.3266791912441,-0.4623955726623467,DOWN,0.4045961260795593,HOLD,-52.20332080875585,-11.094578625965582
PGLC,15.55,15.357306686108252,0.7697304248809803,DOWN,0.6735141217708587,HOLD,-0.19269331389174837,-1.2391852983392178
PHDL,50.400001525878906,50.12178763043195,-0.5520116806030224,DOWN,0.4830102205276489,HOLD,,
PIAA,22.170000076293945,22.31854237087824,0.6700148582458624,UP,0.5862630009651184,HOLD,,
PIBTL,15.39,15.080732977863876,-0.522868537902829,DOWN,0.457509970664978,HOLD,-0.3092670221361242,-2.0095323075771554
PICT,41.79,42.16624618703543,0.6354287624359108,UP,0.5560001671314239,HOLD,0.37624618703543433,0.9003258842676103
PIL,5.51,5.498674896403985,0.5242249965667738,DOWN,0.4586968719959258,HOLD,-0.011325103596014685,-0.2055372703450941
PIM,22.75,20.39257980918884,-0.524000930786138,DOWN,0.4585008144378661,HOLD,-2.3574201908111583,-10.36228655301608
PINL,10.67,11.127681685624497,-0.5569070339202932,UP,0.487293654680252,HOLD,0.45768168562449674,4.2894253573054995
PIOC,326.59,271.37204477637204,-0.6266084671020441,DOWN,0.5482824087142943,HOLD,-55.21795522362794,-16.907423749541607
PKGI,12.08,15.15157446396351,-0.6454133510589541,UP,0.5647366821765899,HOLD,3.0715744639635094,25.426940926850243
PKGP,68.26,66.14275969313329,-0.4473852157592921,DOWN,0.3914620637893676,HOLD,-2.1172403068667194,-3.1017291339975377
PKGS,737.07,733.9163359185015,0.42505416870118,DOWN,0.3719223976135253,HOLD,-3.153664081498505,-0.4278649356911154
PMI,6.900000095367432,6.865009523003474,-0.5071097373962334,DOWN,0.4437210202217101,HOLD,,
PMPK,1431.8499755859375,1420.673882895939,-0.780535173416132,DOWN,0.6829682767391204,HOLD,,
PMRS,312.98,319.8193036661777,-0.6185929298400831,UP,0.5412688136100768,HOLD,6.8393036661776705,2.1852206742212505
PNSC,443.99,437.582233177185,-0.7750038146972782,DOWN,0.6781283378601074,HOLD,-6.407766822815006,-1.4432232308869581
POL,618.1,608.7149601018227,-0.7265559196472097,DOWN,0.6357364296913146,HOLD,-9.385039898177297,-1.5183691794494898
POML,170.0,171.8059819682138,-0.7590187072753848,UP,0.6641413688659668,HOLD,1.805981968213814,1.0623423342434202
POWER,18.26,17.92489085197449,-0.4172730445861737,DOWN,0.3651139140129089,HOLD,-0.33510914802551284,-1.8352089158023703
PPL,201.54,195.51304259083548,0.469186258316048,DOWN,0.410537976026535,HOLD,-6.02695740916451,-2.9904522224692416
PPP,136.11,134.04778923977952,-0.7126918792724635,DOWN,0.6236053943634032,HOLD,-2.062210760220495,-1.5151059879659794
PPVC,20.63,16.20817309977787,-0.6852119922637862,DOWN,0.5995604932308196,HOLD,-4.421826900222129,-21.433964615715606
PREMA,39.17,38.7990446948758,-0.7443219661712691,DOWN,0.6512817203998565,HOLD,-0.3709553051241983,-0.9470393288848564
PRET,427.75,424.7191993006468,-0.708544874191285,DOWN,0.6199767649173736,HOLD,-3.0308006993532217,-0.708544874191285
PRL,37.26,36.214773367664094,-0.4815224647521941,DOWN,0.4213321566581726,HOLD,-1.045226632335904,-2.8052244560813318
PRWM,49.99,49.61435804911585,-0.7514375209808309,DOWN,0.6575078308582305,HOLD,-0.37564195088415175,-0.7514341886060247
PSMC,609.0,611.8309626145362,0.46485428810119,UP,0.4067475020885467,HOLD,,
PSO,448.68,431.10602228670393,-0.7902577877044764,DOWN,0.6914755642414092,HOLD,-17.573977713296074,-3.9168177126896837
PSX,42.15,42.69356017816902,-0.6895591735839793,UP,0.6033642768859863,HOLD,0.5435601781690238,1.2895852388351692
PSYL,62.25,59.803851259191774,-0.6415473937988309,DOWN,0.5613539695739745,HOLD,-2.4461487408082263,-3.9295562101336965
PTC,38.87,35.74981534725145,-0.7500974655151287,DOWN,0.6563352823257446,HOLD,-3.1201846527485486,-8.02723090493581
QUET,16.84,17.86969639778137,-0.723908901214602,UP,0.6334202885627747,HOLD,1.0296963977813718,6.11458668516254
QUICE,9.54,9.95847453153863,-0.6140311717986978,UP,0.5372772753238677,HOLD,0.41847453153863157,4.386525487826328
RAVT,7.140999794006348,7.097771205685207,-0.6053576469421457,DOWN,0.5296879410743713,HOLD,,
REDCO,23.18,21.07724554827705,-0.5321141242980928,DOWN,0.4655998587608337,HOLD,-2.102754451722948,-9.07141696170383
REWM,184.35,183.5653522938458,-0.7432951927185053,DOWN,0.6503832936286926,HOLD,-0.7846477061542032,-0.4256293496903733
RICL,17.09,16.89853666496277,-0.5968431472778277,DOWN,0.522237753868103,HOLD,-0.19146333503723056,-1.1203237860575224
RMPL,9423.34,9349.455799507386,-0.5153694152832086,DOWN,0.4509482383728027,HOLD,-73.88420049261367,-0.7840553401725255
RPL,18.0,18.2172804550798,-0.5063845634460389,UP,0.4430864930152893,HOLD,0.21728045507979843,1.2071136393322135
RUBY,12.94,13.330327619552612,0.6062461853027348,UP,0.5304654121398925,HOLD,0.39032761955261286,3.0164421912875805
RUPL,37.19,36.73572390365601,-0.7142597198486248,DOWN,0.6249772548675536,HOLD,-0.4542760963439889,-1.2215006623930869
SAIF,26.02,22.91482095041929,-0.45690488815307,DOWN,0.3997917771339416,HOLD,-3.105179049580709,-11.93381648570603
SANSM,64.78,62.3458942011662,-0.5012857437133857,DOWN,0.4386250257492065,HOLD,-2.434105798833798,-3.757495830246678
SAPL,785.0,780.0091067814827,-0.6357825756072958,DOWN,0.5563097536563872,HOLD,,
SAPT,1391.0,1381.2593632330895,-0.7002614498138378,DOWN,0.6127287685871123,HOLD,-9.740636766910484,-0.7002614498138378
SARC,78.83,75.65274948690559,-0.7181725502014212,DOWN,0.628400981426239,HOLD,-3.177250513094407,-4.030509340472418
SAZEW,1700.02,1732.757075643988,0.4450297832489029,UP,0.3894010603427886,HOLD,32.737075643987964,1.9256876768501525
SBL,11.63,11.813039175389326,-0.7307600498199497,UP,0.6394150435924529,HOLD,0.18303917538932524,1.5738536146975513
SCBPL,63.83,63.33733984768651,-0.7096113204956112,DOWN,0.6209099054336548,HOLD,-0.4926601523134906,-0.7718316658522492
SCL,493.68,368.01719791844937,-0.7799211978912508,DOWN,0.6824310481548309,HOLD,-125.66280208155064,-25.454302803749524
SEARL,102.96,105.61428048133853,0.5850290298462011,UP,0.5119004011154175,HOLD,2.6542804813385317,2.5779724954725447
SEL,20.84,23.10634178200371,-0.770677566528308,UP,0.6743428707122803,HOLD,2.2663417820037104,10.874960566236615
SEPL,160.0,161.84701934520763,-0.487567663192749,UP,0.4266217052936554,HOLD,1.8470193452076273,1.154387090754767
SERF,10.27,10.202051161079408,-0.6616245269775355,DOWN,0.5789214611053466,HOLD,,
SERT,40.63,40.45037392902374,-0.7352787017822319,DOWN,0.6433688640594482,HOLD,-0.17962607097626204,-0.44210206984066464
SFL,1229.75,1240.6478542335858,-0.4958255767822234,UP,0.4338473796844482,HOLD,10.897854233585804,0.8861845280411306
SHCM,61.94,59.717417309638165,-0.7851492404937636,DOWN,0.6870055854320526,HOLD,-2.2225826903618326,-3.5882833231543962
SHDT,57.27,55.94954591233,-0.410207176208496,DOWN,0.358931279182434,HOLD,-1.3204540876700008,-2.3056645497991983
SHEL,190.1100006103516,191.36030824153343,0.6576758861541915,UP,0.5754664003849029,HOLD,,
SHEZ,260.02,271.21861147646564,0.477390003204341,UP,0.4177162528038025,HOLD,11.198611476465658,4.306826965797115
SHFA,505.3,509.803485588193,-0.5824007034301787,UP,0.5096006155014038,HOLD,4.503485588192973,0.8912498690269093
SHJS,180.25,182.2059555323524,-0.699792861938487,UP,0.612318754196167,HOLD,1.955955532352391,1.0851348307086772
SHNI,9.94,11.358091858091637,-0.7159766197204671,UP,0.6264795422554016,HOLD,1.4180918580916373,14.266517687038604
SHSML,443.05,452.4703751587163,0.5847365379333485,UP,0.5116444706916808,HOLD,9.420375158716297,2.126255537459947
SIBL,8.44,8.444901460886001,-0.648218107223516,UP,0.5671908438205718,HOLD,0.0049014608860016295,0.05807418111376339
SIEM,1600.0,1539.299261971884,-0.6910115242004438,DOWN,0.6046350836753844,HOLD,-60.70073802811589,-3.7937961267572438
SILK,1.149999976158142,1.1419667688366268,-0.6985397815704442,DOWN,0.6112223088741302,HOLD,,
SINDM,16.88,16.83068074816334,-0.6453351974487421,DOWN,0.5646682977676392,HOLD,-0.04931925183666053,-0.29217566253945815
SITC,874.82,846.5456817626953,-0.4063903808593804,DOWN,0.3555915832519531,HOLD,-28.274318237304783,-3.2320155274576234
SKRS,37.53,37.201572944919256,0.571968793869027,DOWN,0.5004726946353912,HOLD,-0.3284270550807449,-0.8751053958986007
SLL,1.7000000476837158,1.6879361855460937,-0.7096389293670664,DOWN,0.6209340631961822,HOLD,,
SLYT,12.18,13.197600770149382,-0.7699204444885304,UP,0.6736803889274596,HOLD,1.0176007701493823,8.354686126021202
SMBL,1.7,1.6911901052474976,-0.5182291030883752,DOWN,0.4534504652023315,HOLD,,
SMCPL,41.07,41.340017313712096,-0.5053716659545868,UP,0.4422002077102661,HOLD,0.2700173137120956,0.657456327519103
SML,65.1,64.65635915279388,-0.5286782264709499,DOWN,0.4625934481620788,HOLD,-0.44364084720611174,-0.681475955769757
SMTM,3.99,3.9665141915702815,-0.5886167526245066,DOWN,0.5150396585464477,HOLD,,
SNAI,28.81,27.414030410870005,0.4176966190338111,DOWN,0.3654845416545867,HOLD,-1.3959695891299937,-4.845434186497722
SNBL,25.91,25.621232633712594,-0.6543942451476972,DOWN,0.5725949645042419,HOLD,-0.28876736628740574,-1.114501606666946
SNGP,117.08,119.6227825798934,-0.5794690132141136,UP,0.5070353865623474,HOLD,2.542782579893398,2.171833430042192
SPEL,53.89,55.781914781310846,-0.5847189903259227,UP,0.5116291165351867,HOLD,1.8919147813108452,3.510697311766274
SPL,51.0,38.92820611000548,-0.4648286819457868,DOWN,0.4067250967025757,HOLD,-12.071793889994517,-23.670184098028464
SPLC,0.8999999761581421,0.9067689080829374,0.7521035671234214,UP,0.6580906212329865,HOLD,,
SPWL,10.59,10.743818619117356,-0.5201997280120866,UP,0.4551747620105743,HOLD,0.15381861911735584,1.4524893212214904
SRVI,1375.03,1379.7844611486355,-0.5030105113983226,UP,0.4401341974735259,HOLD,4.754461148635528,0.345771448523707
SSGC,33.4,32.71405863090104,0.5308614730835073,DOWN,0.464503788948059,HOLD,-0.6859413690989555,-2.0537166739489687
SSML,24.81,22.846995172500613,-0.665238380432119,DOWN,0.5820835828781128,HOLD,-1.963004827499386,-7.91215166263356
SSOM,449.68,461.5096604770808,-0.6480514526367199,UP,0.5670450210571288,HOLD,11.829660477080779,2.630684148078807
STCL,16.49,15.292525836681722,0.41054692268371,DOWN,0.3592285573482513,HOLD,-1.197474163318276,-7.261820274822778
STJT,101.9,99.50415223928324,-0.7241854667663625,DOWN,0.6336622834205627,HOLD,-2.3958477607167623,-2.3511754275925045
STML,30.97,31.25435158896446,-0.7798362255096477,UP,0.6823566973209381,HOLD,0.2843515889644621,0.9181517241345241
STPL,7.88,8.146033944808238,-0.4152366638183566,UP,0.3633320808410644,HOLD,0.26603394480823805,3.3760652894446457
SURC,126.5,120.59171437960768,-0.4114972114563029,DOWN,0.3600600600242614,HOLD,-5.90828562039232,-4.670581518096696
SUTM,130.76,129.02645999631116,-0.7106863975524852,DOWN,0.6218505978584289,HOLD,-1.7335400036888302,-1.3257418198905095
SYS,147.61,147.5597078136905,-0.4790560722351037,DOWN,0.419174063205719,HOLD,-0.05029218630951959,-0.03407098862510642
TATM,165.98,185.6270919198754,-0.723555374145501,UP,0.6331109523773193,HOLD,19.647091919875407,11.837023689526092
TELE,11.73,12.353894404683794,-0.6122759342193662,UP,0.5357414424419402,HOLD,0.623894404683794,5.3187928788047225
TGL,206.95,191.44850454652808,-0.5255648612976225,DOWN,0.4598692536354065,HOLD,-15.501495453471904,-7.490454435115683
THALL,530.03,532.3199774789811,0.437731599807747,UP,0.3830151498317718,HOLD,2.2899774789810863,0.4320467669718858
THCCL,86.65,90.65460768947013,-0.5216609001159744,UP,0.4564532876014709,HOLD,4.00460768947012,4.621589947455418
TICL,658.59,625.1814275979996,-0.76485276222229,DOWN,0.6692461669445038,HOLD,-33.40857240200046,-5.072742131219797
TOMCL,52.56,56.16951900053024,-0.5849221229553211,UP,0.5118068575859069,HOLD,3.6095190005302342,6.8674258000955755
TOWL,155.82,153.98379343032838,-0.6556171417236284,DOWN,0.5736649990081787,HOLD,-1.8362065696716172,-1.1784152032291215
TPL,7.62,8.04856283443496,-0.5122041702270508,UP,0.4481786489486694,HOLD,0.42856283443496057,5.62418417893649
TPLI,21.75,23.306797012056904,-0.6106769561767733,UP,0.534342336654663,HOLD,1.5567970120569044,7.157687411755882
TPLP,11.17,11.701898188250231,-0.5786088943481518,UP,0.5062827825546264,HOLD,0.5318981882502314,4.761845910924185
TPLT,7.22,7.451540286540986,-0.6461295127868519,UP,0.5653633236885071,HOLD,0.23154028654098635,3.206929176467955
TREET,32.0,33.31654166282293,-0.4584988117218034,UP,0.4011864602565765,HOLD,1.316541662822928,4.11419269632165
TRG,71.16,70.15574203477424,-0.4318152904510477,DOWN,0.3778383791446685,HOLD,-1.0042579652257615,-1.4112675171806655
TRIPF,133.87,134.73784394073488,0.5506298065185645,UP,0.4818010807037353,HOLD,0.8678439407348719,0.6482736540934279
TRPOL,8.45,8.494969365072249,0.5321818351745539,UP,0.4656591057777404,HOLD,,
TRSM,55.73,61.131257954665365,-0.4052510738372772,UP,0.3545946896076202,HOLD,5.401257954665368,9.691831966024347
TSBL,59.07,56.751956642268254,-0.5015987396240211,DOWN,0.4388988971710205,HOLD,-2.318043357731746,-3.9242311795018554
TSMF,13.96,14.264953279475549,-0.5926627159118522,UP,0.5185798764228821,HOLD,0.30495327947554784,2.184479079337735
TSML,205.99,221.92593106436624,-0.4637942314147918,UP,0.4058199524879455,HOLD,15.93593106436623,7.736264413013365
TSPL,12.9,12.8912021991433,-0.6075409889221152,DOWN,0.5315983653068542,HOLD,-0.008797800856699567,-0.06820000664108192
UBDL,27.81,27.326148048624106,0.5007264137268012,DOWN,0.4381356120109558,HOLD,-0.4838519513758932,-1.7398488003448156
UBL,371.62,371.754052522492,-0.4727823257446235,UP,0.4136845350265503,HOLD,0.1340525224919702,0.036072472550446745
UCAPM,6.38,6.334403692513058,-0.5588099479675306,DOWN,0.4889587044715881,HOLD,-0.04559630748694232,-0.7146756659395349
UDPL,119.47,121.30428809489356,-0.5621032714843741,UP,0.491840362548828,HOLD,1.8342880948935658,1.5353545617255928
UNIC,15.01,15.018363484322965,-0.5406416893005364,UP,0.4730614781379699,HOLD,0.008363484322964965,0.05571941587584921
UNITY,22.46,22.55308691256636,0.4144605159759582,UP,0.3626529514789581,HOLD,0.09308691256635981,0.4144564228243981
UPFL,29368.29,29278.15680714236,-0.75090031623841,DOWN,0.6570377767086029,HOLD,-90.1331928576401,-0.30690650649949347
UVIC,26.9,24.72326972346157,-0.7894476413726912,DOWN,0.6907666862010955,HOLD,-2.1767302765384287,-8.091934113525758
WAHN,349.93,350.1988204828385,-0.4523118972778217,UP,0.395772910118103,HOLD,0.268820482838521,0.076821216482874
WAVES,13.53,14.149779292383656,-0.4237913131713827,UP,0.3708173990249633,HOLD,0.6197792923836563,4.580778214217711
WTL,1.89,1.8288226599763744,-0.6074659347534148,DOWN,0.5315326929092407,HOLD,-0.061177340023625515,-3.236896297546324
WYETH,860.0,856.2438578796387,-0.436760711669924,DOWN,0.3821656227111816,HOLD,,
YOUW,5.69,5.804125948742181,0.4174003124237107,UP,0.3652252733707428,HOLD,0.1141259487421804,2.005728448895965
ZAHID,64.71,65.78706052684942,-0.7287402153015171,UP,0.6376476883888245,HOLD,1.0770605268494222,1.664442167902059
ZIL,627.68,560.716582497314,0.5044977188110483,DOWN,0.4414355039596557,HOLD,-66.96341750268596,-10.66840069823572
ZTL,14.9,15.10962597727874,-0.6599215030670181,UP,0.5774313151836394,HOLD,0.20962597727873877,1.4068857535485824
