TIME,OPEN,HIGH,LOW,CLOSE,VOLUME,Date,Open,High,Low,Close,Volume
19-Nov-25,71.33,71.33,71.33,71.33,0.0,,,,,,
17-Nov-25,77.79000091552734,77.79000091552734,73.30000305175781,76.19999694824219,1202.0,,,,,,
14-Nov-25,77.5,77.91999816894531,72.94999694824219,77.8499984741211,19.0,,,,,,
13-Nov-25,71.91000366210938,78.19999694824219,68.16999816894531,77.8499984741211,7172.0,,,,,,
12-Nov-25,77.87999725341797,78.25,71.0,71.91000366210938,10933.0,,,,,,
11-Nov-25,84.87999725341797,84.87999725341797,77.69999694824219,77.87999725341797,11320.0,,,,,,
10-Nov-25,87.4000015258789,87.4000015258789,80.0,83.95999908447266,32300.0,,,,,,
07-Nov-25,77.0,82.7300033569336,77.0,82.7300033569336,81334.0,,,,,,
06-Nov-25,68.5,75.20999908447266,68.5,75.20999908447266,29685.0,,,,,,
05-Nov-25,71.0,71.0,68.19000244140625,68.37000274658203,4123.0,,,,,,
04-Nov-25,70.95999908447266,75.0,70.05999755859375,71.33000183105469,7454.0,,,,,,
03-Nov-25,73.01000213623047,77.0,70.36000061035156,70.95999908447266,19250.0,,,,,,
31-Oct-25,86.0,86.0,74.25,77.31999969482422,88738.0,,,,,,
30-Oct-25,82.0,82.12999725341797,79.0,82.12999725341797,28610.0,,,,,,
29-Oct-25,74.66000366210938,74.66000366210938,72.95999908447266,74.66000366210938,68969.0,,,,,,
28-Oct-25,67.87000274658203,67.87000274658203,64.01000213623047,67.87000274658203,50888.0,,,,,,
27-Oct-25,57.0,62.040000915527344,56.0,61.70000076293945,21103.0,,,,,,
24-Oct-25,58.0,58.97999954223633,56.15999984741211,56.400001525878906,347.0,,,,,,
23-Oct-25,59.900001525878906,59.900001525878906,56.15999984741211,56.400001525878906,3853.0,,,,,,
22-Oct-25,59.0,59.0,55.02000045776367,59.0,4600.0,,,,,,
21-Oct-25,60.9900016784668,60.9900016784668,58.0099983215332,59.0,8263.0,,,,,,
20-Oct-25,61.0,61.5,59.15999984741211,60.560001373291016,1740.0,,,,,,
17-Oct-25,61.15999984741211,61.9900016784668,61.15999984741211,60.86000061035156,93.0,,,,,,
16-Oct-25,59.53271329210328,61.406528054614505,59.33752332360695,60.86000061035156,1945.0,,,,,,
15-Oct-25,59.59127382550457,59.63030884244176,58.556769556416455,59.571754455566406,4078.0,,,,,,
14-Oct-25,57.58082272036505,60.498903340388615,57.58082272036505,59.54247283935547,3748.0,,,,,,
13-Oct-25,56.80982464437572,59.5229574799652,56.80982464437572,57.27827835083008,507.0,,,,,,
10-Oct-25,59.53271436481482,59.53271436481482,58.5665260509648,59.1618537902832,2399.0,,,,,,
09-Oct-25,62.46055323679331,62.46055323679331,58.55676865949373,59.181373596191406,10010.0,,,,,,
08-Oct-25,61.48460436599037,62.46055046703784,60.99663131546664,62.38247299194336,3499.0,,,,,,
07-Oct-25,60.89904022216797,60.89904022216797,60.89904022216797,60.89904022216797,0.0,,,,,,
06-Oct-25,62.46055254665882,62.46055254665882,60.50866027957573,60.89904022216797,2667.0,,,,,,
03-Oct-25,64.42220779886827,65.37863086141007,58.65436244678472,62.36296081542969,6690.0,,,,,,
02-Oct-25,64.41244681187608,65.87636605760053,64.41244681187608,64.49052429199219,1874.0,,,,,,
01-Oct-25,64.9101787553431,65.82756304818676,63.68048455495333,64.02206420898438,6586.0,,,,,,
30-Sep-25,64.76378572962743,65.8666021751115,64.76378572962743,64.9101791381836,2579.0,,,,,,
29-Sep-25,68.51141252199538,68.51141252199538,63.43649583365415,64.79306030273438,45652.0,,,,,,
26-Sep-25,64.47099932958751,70.92200388102668,63.44626035482128,69.82894897460938,83778.0,,,,,,
25-Sep-25,65.38839244054708,65.38839244054708,63.534093255296206,64.47100067138672,4841.0,,,,,,
24-Sep-25,63.875667556116994,65.3883869489589,63.875667556116994,64.21725463867188,5981.0,,,,,,
23-Sep-25,64.7149887084961,64.7149887084961,64.7149887084961,64.7149887084961,0.0,,,,,,
22-Sep-25,64.42220932249649,67.34028631113296,64.41244777586631,64.7149887084961,10821.0,,,,,,
19-Sep-25,65.38839279407858,65.8763658746314,63.4755392118169,65.35911560058594,4874.0,,,,,,
18-Sep-25,63.46577268719508,67.34027983421421,63.46577268719508,65.82756042480469,24442.0,,,,,,
17-Sep-25,68.04296178319126,68.21863237515335,62.948522062168365,65.45670318603516,19547.0,,,,,,
16-Sep-25,71.24406639160414,71.24406639160414,64.51003670924953,68.01368713378906,61761.0,,,,,,
15-Sep-25,73.09836542775211,73.09836542775211,70.26812020797743,70.63897705078125,1846.0,,,,,,
12-Sep-25,74.17190917000285,74.95266908698582,71.24407065013432,72.23953247070312,9426.0,,,,,,
11-Sep-25,73.09836490966364,78.07568856660941,71.2440658170311,73.059326171875,38584.0,,,,,,
10-Sep-25,72.22977830470579,72.70798984433938,71.5563730630637,72.40544891357422,2017.0,,,,,,
09-Sep-25,72.22001036570128,73.09836333229752,71.41973487299754,72.46399688720703,3322.0,,,,,,
08-Sep-25,73.1861988989269,73.6839335147999,71.39046157669368,71.41973876953125,3785.0,,,,,,
05-Sep-25,73.19596204913906,74.16214666334177,71.25383127428115,72.36640930175781,6596.0,,,,,,
04-Sep-25,73.0983657343164,75.14785109313542,72.70798579790375,72.74702453613281,1410.0,,,,,,
03-Sep-25,73.20572338187976,75.08929976428063,72.22977722407369,72.88365936279297,3583.0,,,,,,
02-Sep-25,75.14785400797425,75.14785400797425,71.4392556370216,74.10359191894531,4529.0,,,,,,
01-Sep-25,73.4985007878637,75.6163095522958,72.39568433967558,73.840087890625,412.0,,,,,,
29-Aug-25,75.3430345074964,75.3430345074964,69.44832672807448,73.49849700927734,13326.0,,,,,,
28-Aug-25,74.17190891229663,79.05163976178983,73.37163335081489,75.382080078125,7162.0,,,,,,
27-Aug-25,76.12379556010451,76.12379556010451,71.40022002501169,73.72296905517578,6032.0,,,,,,
26-Aug-25,79.05163274350632,79.05163274350632,70.42427294156965,75.77245330810547,21477.0,,,,,,
25-Aug-25,78.06592758455123,78.46606906536665,75.64558539119619,77.97809600830078,5289.0,,,,,,
22-Aug-25,78.06592955105992,80.02758337472528,76.12379881986064,77.02166748046875,11171.0,,,,,,
21-Aug-25,82.95542295474007,82.95542295474007,76.12379988787913,76.54345703125,26790.0,,,,,,
20-Aug-25,82.95541908742341,85.86374176220406,75.31375928330066,81.10111999511719,24468.0,,,,,,
19-Aug-25,81.9794735356723,84.90731187623201,81.10112054432878,82.5260009765625,18420.0,,,,,,
18-Aug-25,93.64202895424636,93.64202895424636,79.70551929621226,80.86689758300781,52008.0,,,,,,
15-Aug-25,95.50608931676965,95.50608931676965,86.85920596952631,88.5573501586914,40500.0,,,,,,
13-Aug-25,99.54650279099454,100.16134615712876,87.9913044724142,95.42800903320312,90992.0,,,,,,
12-Aug-25,79.0418763693358,91.05577850341795,78.23184672610456,91.05577850341795,81819.0,,,,,,
11-Aug-25,91.67061647983314,92.71487849770908,81.97947151376381,82.77974700927734,48364.0,,,,,,
08-Aug-25,95.64271807421044,100.42485546709656,87.88394953531697,90.69467163085938,77338.0,,,,,,
07-Aug-25,88.12793998957716,94.92052427434568,87.23006387611032,94.38375091552734,309443.0,,,,,,
06-Aug-25,81.00352581232518,86.90800266012891,79.05163362407637,86.29315185546875,521990.0,,,,,,
05-Aug-25,72.22001534738298,79.01259968114496,68.41382386016959,79.00283813476562,185110.0,,,,,,
04-Aug-25,71.24406941546708,73.68393480640775,68.21863781987634,71.82963562011719,23756.0,,,,,,
01-Aug-25,68.57972869315532,72.69822239781043,66.36433433777181,69.34097290039062,32099.0,,,,,,
31-Jul-25,81.00353140988088,82.85783060602971,73.069091796875,73.069091796875,151369.0,,,,,,
30-Jul-25,81.18895721435547,81.18895721435547,77.10950228018908,81.18895721435547,130205.0,,,,,,
29-Jul-25,73.81080627441406,73.81080627441406,72.22001669529077,73.81080627441406,75299.0,,,,,,
28-Jul-25,66.36433860085226,67.09629821777344,66.36433860085226,67.09629821777344,20570.0,,,,,,
25-Jul-25,60.508658569335935,64.41244299316406,60.508658569335935,60.99663162231445,1725.0,,,,,,
24-Jul-25,60.508661222216624,63.33890654275401,60.06948471069336,60.06948471069336,2765.0,,,,,,
23-Jul-25,60.02068690806007,60.02068690806007,59.825496937755,59.83525848388672,2011.0,,,,,,
22-Jul-25,59.5327146410477,61.48460692436074,59.5327146410477,60.04996490478516,136.0,,,,,,
21-Jul-25,60.06948427437097,61.48460692436074,57.58082235773466,60.04996490478516,2829.0,,,,,,
18-Jul-25,60.50865861951058,62.94852388642634,58.56652422895252,59.60102844238281,2051.0,,,,,,
17-Jul-25,60.46961939819323,61.48460423461927,59.532712036694846,60.97711181640625,12163.0,,,,,,
16-Jul-25,60.99663154099611,62.36295757669,60.31346852314917,60.46961975097656,8932.0,,,,,,
15-Jul-25,62.60694530846556,62.63622250082856,60.99663271559816,61.39677047729492,5845.0,,,,,,
14-Jul-25,60.70384915313159,68.3162281125091,60.70384915313159,62.948524475097656,15613.0,,,,,,
11-Jul-25,68.31622695501808,68.31622695501808,63.48529674155007,64.99800872802734,9656.0,,,,,,
10-Jul-25,60.42082417525083,66.46192932128906,60.42082417525083,66.46192932128906,41466.0,,,,,,
09-Jul-25,62.489830752482206,63.43649970870649,57.5808228125182,60.42082595825195,2534.0,,,,,,
08-Jul-25,64.11965828033802,64.11965828033802,58.80075480724548,62.48983001708984,17300.0,,,,,,
07-Jul-25,66.36433818322101,68.31623048272752,61.484607434454766,63.92447280883789,15089.0,,,,,,
04-Jul-25,77.08023119831171,79.05163917057666,66.0422750361117,66.41313934326172,37502.0,,,,,,
03-Jul-25,73.34235469309507,73.38139343261719,73.09836815549056,73.38139343261719,22632.0,,,,,,
02-Jul-25,65.38839155504701,66.70591735839844,65.38839155504701,66.70591735839844,24683.0,,,,,,
01-Jul-25,56.11690104279853,60.64529037475586,56.11690104279853,60.64529037475586,41563.0,,,,,,
30-Jun-25,50.74919909254912,55.13119888305664,50.74919909254912,55.13119888305664,36121.0,,,,,,
27-Jun-25,52.7791701250374,55.62893112550882,48.8949011316663,50.11483383178711,17259.0,,,,,,
26-Jun-25,55.62892801649574,58.45917321177373,52.69133187687568,52.77916717529297,22608.0,,,,,,
25-Jun-25,54.887213788813405,57.09285047683375,53.38425580583239,54.848175048828125,10821.0,,,,,,
24-Jun-25,53.189064048543486,54.067417054117065,50.749198725215805,53.3647346496582,13111.0,,,,,,
23-Jun-25,54.857930202830346,54.857930202830346,49.373114081734194,49.48046875,11785.0,,,,,,
20-Jun-25,60.020684977394815,60.020684977394815,54.85792922973633,54.85792922973633,21952.0,,,,,,
19-Jun-25,61.11374688812671,67.68186403276015,60.94783782958984,60.94783782958984,44671.0,,,,,,
18-Jun-25,67.72090148925781,67.72090148925781,67.72090148925781,67.72090148925781,3464.0,,,,,,
17-Jun-25,83.2970038598609,83.60930633544922,73.19596252112176,83.60930633544922,38962.0,,,,,,
16-Jun-25,76.00668334960938,76.00668334960938,76.00668334960938,76.00668334960938,0.0,,,,,,
13-Jun-25,75.97740615650069,76.00668334960938,64.46124607400859,76.00668334960938,72851.0,,,,,,
12-Jun-25,69.09699249267578,69.09699249267578,69.09699249267578,69.09699249267578,5374.0,,,,,,
11-Jun-25,62.811893463134766,62.811893463134766,62.811893463134766,62.811893463134766,4571.0,,,,,,
10-Jun-25,57.10260772705078,57.10260772705078,57.10260772705078,57.10260772705078,16841.0,,,,,,
09-Jun-25,51.91057205200195,51.91057205200195,51.91057205200195,51.91057205200195,0.0,,,,,,
06-Jun-25,51.91057205200195,51.91057205200195,51.91057205200195,51.91057205200195,0.0,,,,,,
05-Jun-25,51.91057205200195,51.91057205200195,49.2950361893754,51.91057205200195,37032.0,,,,,,
04-Jun-25,47.18699264526367,47.18699264526367,47.18699264526367,47.18699264526367,11947.0,,,,,,
03-Jun-25,42.8928337097168,42.8928337097168,40.33585585865537,42.8928337097168,16893.0,,,,,,
02-Jun-25,38.54011368515515,38.98904800415039,37.09571016005389,38.98904800415039,8658.0,,,,,,
30-May-25,34.14835518344042,35.44636154174805,33.76773308267405,35.44636154174805,10821.0,,,,,,
29-May-25,32.19646514690993,33.17241129752578,32.19646514690993,32.22574234008789,9970.0,,,,,,
28-May-25,31.474262237548828,31.474262237548828,31.474262237548828,31.474262237548828,0.0,,,,,,
27-May-25,31.708490943456297,31.952477472429543,30.839897634512287,31.474262237548828,652.0,,,,,,
26-May-25,30.244570367043664,30.254330051727013,30.244570367043664,29.39549827575684,4100.0,,,,,,
23-May-25,29.39549827575684,29.39549827575684,29.39549827575684,29.39549827575684,0.0,,,,,,
22-May-25,29.39549827575684,29.39549827575684,29.39549827575684,29.39549827575684,0.0,,,,,,
21-May-25,31.23027618242789,31.23027618242789,29.39549827575684,29.39549827575684,1790.0,,,,,,
20-May-25,31.523059844970703,31.523059844970703,31.523059844970703,31.523059844970703,3211.0,,,,,,
19-May-25,31.532819920595752,31.532819920595752,31.5230583747223,31.54257774353028,178.0,,,,,,
16-May-25,31.718248339863088,31.718248339863088,31.5230583747223,31.54257774353028,2012.0,,,,,,
15-May-25,32.54780284347052,33.18216933463179,32.54780284347052,32.58684158325195,609.0,,,,,,
14-May-25,32.49900671479523,32.49900671479523,32.49900671479523,32.60636138916016,1.0,,,,,,
13-May-25,31.230277438446187,32.69419669337335,31.230277438446187,32.60636138916016,175.0,,,,,,
12-May-25,30.254331268494745,32.63563858291816,30.254331268494745,32.60636138916016,2977.0,,,,,,
09-May-25,29.66876220703125,29.66876220703125,29.66876220703125,29.66876220703125,1.0,,,,,,
08-May-25,26.731164109846727,26.731164109846727,26.731164109846727,29.66876220703125,200.0,,,,,,
07-May-25,28.946562288674023,31.70849164474695,28.946562288674023,29.66876220703125,1415.0,,,,,,
06-May-25,34.753441345205424,34.753441345205424,28.448828547923767,31.71824836730957,17276.0,,,,,,
05-May-25,29.47357402478329,31.952478101457416,29.47357402478329,31.59137535095215,11020.0,,,,,,
02-May-25,29.04415702819824,29.04415702819824,29.04415702819824,29.04415702819824,0.0,,,,,,
01-May-25,29.04415702819824,29.04415702819824,29.04415702819824,29.04415702819824,0.0,,,,,,
30-Apr-25,29.04415702819824,29.04415702819824,29.04415702819824,29.04415702819824,0.0,,,,,,
29-Apr-25,26.467659842795577,29.278383875828528,26.467659842795577,29.04415702819824,151.0,,,,,,
28-Apr-25,29.04415702819824,29.04415702819824,29.04415702819824,29.04415702819824,0.0,,,,,,
25-Apr-25,31.18147957234519,31.474262666515667,31.18147957234519,29.04415702819824,550.0,,,,,,
24-Apr-25,29.04415702819824,29.04415702819824,29.04415702819824,29.04415702819824,2740.0,,,,,,
23-Apr-25,29.29790272703915,29.29790272703915,26.39934158325196,26.39934158325196,5410.0,,,,,,
22-Apr-25,30.94725065601624,30.94725065601624,28.44882910322028,29.21006774902344,5500.0,,,,,,
21-Apr-25,34.1093181430566,34.1093181430566,31.240034125139605,31.41570472717285,1511.0,,,,,,
18-Apr-25,29.766357340779457,32.69419576774137,29.766357340779457,31.337631225585938,647.0,,,,,,
17-Apr-25,32.19646453857422,32.69419542789072,32.19646453857422,32.19646453857422,1700.0,,,,,,
16-Apr-25,32.69419479370117,32.69419479370117,32.69419479370117,32.69419479370117,0.0,,,,,,
15-Apr-25,32.19646391403946,32.69419479370117,32.19646391403946,32.69419479370117,1604.0,,,,,,
14-Apr-25,33.18216867157907,33.18216867157907,31.28883450528233,32.20622253417969,4973.0,,,,,,
11-Apr-25,32.274539947509766,32.274539947509766,32.274539947509766,32.274539947509766,0.0,,,,,,
10-Apr-25,31.386429070625585,32.986980213762855,31.279074394913337,32.274539947509766,12727.0,,,,,,
09-Apr-25,33.8262939453125,33.8262939453125,33.8262939453125,33.8262939453125,0.0,,,,,,
08-Apr-25,32.70395436587819,35.08526539223846,32.70395436587819,33.8262939453125,403.0,,,,,,
07-Apr-25,34.54849574583304,36.01241499399648,29.863953034828253,33.8262939453125,610.0,,,,,,
04-Apr-25,34.64608862554649,34.64608862554649,32.69419630861429,33.113853454589844,700.0,,,,,,
03-Apr-25,32.215980671993,36.012414310810925,32.215980671993,34.32402420043945,7132.0,,,,,,
31-Mar-25,35.07550430297852,35.07550430297852,35.07550430297852,35.07550430297852,0.0,,,,,,
28-Mar-25,35.07550430297852,35.07550430297852,35.07550430297852,35.07550430297852,0.0,,,,,,
27-Mar-25,32.206223879432635,35.085265849606124,32.206223879432635,35.07550430297852,1495.0,,,,,,
26-Mar-25,33.670140603343164,33.670140603343164,33.670140603343164,31.893918991088867,127.0,,,,,,
25-Mar-25,32.4990045334217,33.670140603343164,31.728006217405017,31.893918991088867,1246.0,,,,,,
24-Mar-25,34.04100022942825,35.134058793927565,30.50807460943677,34.73392105102539,1572.0,,,,,,
21-Mar-25,32.313575742566826,34.04100077433934,32.22574044525843,33.884849548339844,2500.0,,,,,,
20-Mar-25,33.18216910144017,33.18216910144017,31.96223641388721,32.050071716308594,3100.0,,,,,,
19-Mar-25,34.15811426873944,35.99289402045465,34.15811426873944,35.504920959472656,881.0,,,,,,
18-Mar-25,35.1145399273146,35.22189459305563,33.18216711279286,35.10478210449219,1224.0,,,,,,
17-Mar-25,34.15811460252333,35.085264172036766,34.15811460252333,32.02079391479492,250.0,,,,,,
14-Mar-25,32.694195405272325,34.04100210916618,31.27907277000855,32.02079391479492,1256.0,,,,,,
13-Mar-25,35.86602031009298,35.86602031009298,35.81722374813644,34.646087646484375,104.0,,,,,,
12-Mar-25,34.060521457127855,35.036467588014744,33.182168450154045,34.646087646484375,1600.0,,,,,,
11-Mar-25,33.32855987548828,33.32855987548828,33.32855987548828,33.32855987548828,500.0,,,,,,
10-Mar-25,32.78203201293945,32.78203201293945,32.78203201293945,32.78203201293945,0.0,,,,,,
07-Mar-25,32.78203201293945,32.78203201293945,32.78203201293945,32.78203201293945,0.0,,,,,,
06-Mar-25,32.78203201293945,32.78203201293945,32.78203201293945,32.78203201293945,0.0,,,,,,
05-Mar-25,34.148358140687044,34.54849592163696,34.148358140687044,32.78203201293945,300.0,,,,,,
04-Mar-25,31.71825053827661,33.32856320862633,31.32787058093753,32.78203201293945,400.0,,,,,,
03-Mar-25,35.61227739629981,35.61227739629981,32.25502018741345,32.78203201293945,4960.0,,,,,,
28-Feb-25,35.00718586947793,36.03192853881531,34.15811379750569,35.13405990600586,18715.0,,,,,,
27-Feb-25,34.93887150773052,35.03646835672393,34.93887150773052,32.75275421142578,200.0,,,,,,
26-Feb-25,34.743681532682814,34.743681532682814,32.694196102029736,32.75275421142578,2590.0,,,,,,
25-Feb-25,35.8660182854262,35.8660182854262,35.8660182854262,34.3825798034668,7.0,,,,,,
24-Feb-25,34.158112652786855,35.046223432841764,34.158112652786855,34.3825798034668,754.0,,,,,,
21-Feb-25,38.54987109630833,38.54987109630833,34.25570675083512,35.12430191040039,8.0,,,,,,
20-Feb-25,34.14835580669639,34.15811362964029,34.14835580669639,35.12430191040039,100.0,,,,,,
19-Feb-25,33.67014057778829,33.67014057778829,33.67014057778829,35.12430191040039,3.0,,,,,,
18-Feb-25,35.1340597333443,35.1340597333443,33.67014057778829,35.12430191040039,1008.0,,,,,,
17-Feb-25,31.2302765638324,31.2302765638324,31.2302765638324,32.21598052978516,83.0,,,,,,
14-Feb-25,32.21598052978516,32.21598052978516,32.21598052978516,32.21598052978516,0.0,,,,,,
13-Feb-25,30.8398984790784,37.08595341955097,30.8398984790784,32.21598052978516,1531.0,,,,,,
12-Feb-25,34.18739318847656,34.18739318847656,34.18739318847656,34.18739318847656,0.0,,,,,,
11-Feb-25,34.64608908031708,37.32994105132755,34.64608908031708,34.18739318847656,463.0,,,,,,
10-Feb-25,34.36306379714148,34.36306379714148,34.0410034965486,34.18739318847656,1948.0,,,,,,
07-Feb-25,31.240034103393555,34.35330465275192,31.240034103393555,31.240034103393555,132.0,,,,,,
06-Feb-25,31.23027628014919,34.14835685816881,31.23027628014919,31.240034103393555,3902.0,,,,,,
04-Feb-25,33.81653501092611,33.83605065740743,33.08457541088822,33.250484466552734,2400.0,,,,,,
03-Feb-25,37.36897733956544,37.378735162544665,30.76182174682617,30.76182174682617,1715.0,,,,,,
31-Jan-25,32.313578148826664,37.085954304438026,32.313578148826664,34.0019645690918,730.0,,,,,,
30-Jan-25,35.368289947509766,35.368289947509766,35.368289947509766,35.368289947509766,0.0,,,,,,
29-Jan-25,35.368289947509766,35.368289947509766,35.368289947509766,35.368289947509766,0.0,,,,,,
28-Jan-25,34.743681287182795,38.940252690768375,33.23096550639546,35.368289947509766,1817.0,,,,,,
27-Jan-25,37.085952735275136,37.085952735275136,31.72800687305933,36.910282135009766,1121.0,,,,,,
24-Jan-25,31.230275424572387,34.89007332588946,31.230275424572387,34.782718658447266,5834.0,,,,,,
23-Jan-25,31.71824836730957,31.71824836730957,31.71824836730957,31.71824836730957,0.0,,,,,,
22-Jan-25,31.71824836730957,31.71824836730957,31.71824836730957,31.71824836730957,0.0,,,,,,
21-Jan-25,32.69419447091909,32.69419447091909,32.69419447091909,31.71824836730957,100.0,,,,,,
20-Jan-25,31.71824836730957,31.71824836730957,31.71824836730957,31.71824836730957,0.0,,,,,,
17-Jan-25,31.71824836730957,31.71824836730957,31.71824836730957,31.71824836730957,0.0,,,,,,
16-Jan-25,33.85556899395642,33.85556899395642,33.85556899395642,31.71824836730957,1.0,,,,,,
15-Jan-25,29.912747703338056,36.40278892004751,29.912747703338056,31.71824836730957,5618.0,,,,,,
14-Jan-25,33.12360894757662,33.1333704933204,33.12360894757662,33.182167053222656,51.0,,,,,,
13-Jan-25,34.15811314302332,34.15811314302332,34.15811314302332,33.182167053222656,1.0,,,,,,
10-Jan-25,32.20622096342199,32.20622096342199,32.20622096342199,33.182167053222656,50.0,,,,,,
09-Jan-25,33.17240923041776,33.17240923041776,33.17240923041776,33.182167053222656,1000.0,,,,,,
08-Jan-25,31.81584103832617,33.17240923041776,31.34738736197452,33.182167053222656,261.0,,,,,,
07-Jan-25,32.69419400832232,34.06052002321881,32.323333451775184,33.182167053222656,1700.0,,,,,,
06-Jan-25,35.12430406379795,35.12430406379795,32.72347367206262,33.12361145019531,1810.0,,,,,,
03-Jan-25,31.991512298583984,31.991512298583984,31.991512298583984,31.991512298583984,0.0,,,,,,
02-Jan-25,31.991512298583984,31.991512298583984,31.991512298583984,31.991512298583984,0.0,,,,,,
01-Jan-25,31.991512298583984,31.991512298583984,31.991512298583984,31.991512298583984,0.0,,,,,,
31-Dec-24,35.622033019592514,35.622033019592514,31.47426205155777,31.991512298583984,3230.0,,,,,,
30-Dec-24,35.12430427801761,35.134062101619264,32.694196677895704,32.43069076538086,110.0,,,,,,
27-Dec-24,32.25502015703763,37.08595444059812,32.245262333435974,32.43069076538086,3497.0,,,,,,
26-Dec-24,39.33062629305571,39.33062629305571,37.06643168450539,35.787940979003906,216.0,,,,,,
24-Dec-24,37.06643168450539,37.06643168450539,34.90959174046252,35.787940979003906,310.0,,,,,,
23-Dec-24,36.74437141392187,36.74437141392187,36.10024714981598,35.787940979003906,3.0,,,,,,
20-Dec-24,38.97928510846362,38.97928510846362,33.6701397716799,35.787940979003906,3001.0,,,,,,
19-Dec-24,35.124302082794564,37.03715556193759,35.124302082794564,36.881004333496094,3386.0,,,,,,
18-Dec-24,34.84127928515765,34.84127928515765,34.84127928515765,33.670143127441406,100.0,,,,,,
17-Dec-24,31.73777014253226,36.00265389625186,31.73777014253226,33.670143127441406,2763.0,,,,,,
16-Dec-24,33.670143127441406,35.12430457016909,33.670143127441406,33.670143127441406,252.0,,,,,,
13-Dec-24,33.670143127441406,33.670143127441406,33.670143127441406,33.670143127441406,500.0,,,,,,
12-Dec-24,34.35330581665039,34.35330581665039,34.35330581665039,34.35330581665039,0.0,,,,,,
11-Dec-24,35.036468878012194,35.09502326534032,34.35330581665039,34.35330581665039,2000.0,,,,,,
10-Dec-24,31.425466962283583,32.40141311811265,31.425466962283583,32.23550033569336,689.0,,,,,,
09-Dec-24,32.225741903680365,32.225741903680365,32.20622253417969,32.20622253417969,1254.0,,,,,,
06-Dec-24,31.230276141758264,34.646087594763074,30.752062761713933,31.49378204345703,535.0,,,,,,
05-Dec-24,33.816533619648744,34.890072833027894,33.816533619648744,33.884849548339844,2200.0,,,,,,
04-Dec-24,32.20622096342199,33.670140098122985,32.14766285777595,33.182167053222656,6000.0,,,,,,
03-Dec-24,29.610205957614887,29.610205957614887,29.610205957614887,32.20622253417969,4.0,,,,,,
02-Dec-24,32.20622253417969,32.20622253417969,32.20622253417969,32.20622253417969,0.0,,,,,,
29-Nov-24,32.20622253417969,32.20622253417969,32.20622253417969,32.20622253417969,0.0,,,,,,
28-Nov-24,32.20622253417969,32.20622253417969,32.20622253417969,32.20622253417969,0.0,,,,,,
27-Nov-24,29.766357190681227,32.011032562112,29.37597910801538,32.20622253417969,260.0,,,,,,
26-Nov-24,30.322646191163752,32.69419560287938,30.25433025938092,32.20622253417969,61.0,,,,,,
25-Nov-24,32.20622253417969,32.20622253417969,32.20622253417969,32.20622253417969,100.0,,,,,,
22-Nov-24,32.20622253417969,32.20622253417969,32.20622253417969,32.20622253417969,1104.0,,,,,,
21-Nov-24,32.19646374404968,34.10931722240474,29.77611598126461,32.6844367980957,1312.0,,,,,,
20-Nov-24,32.19646601734938,32.2647819519043,32.19646601734938,32.2647819519043,3470.0,,,,,,
19-Nov-24,32.20622272983297,32.20622272983297,32.20622272983297,29.32718086242676,5.0,,,,,,
18-Nov-24,31.230276586504704,31.230276586504704,31.230276586504704,29.32718086242676,5.0,,,,,,
15-Nov-24,29.766357371512296,31.71824965816884,29.766357371512296,29.32718086242676,51.0,,,,,,
14-Nov-24,29.32718086242676,29.32718086242676,29.32718086242676,29.32718086242676,0.0,,,,,,
13-Nov-24,28.302438156519887,28.302438156519887,28.302438156519887,29.32718086242676,10.0,,,,,,
12-Nov-24,29.32718086242676,29.32718086242676,29.32718086242676,29.32718086242676,0.0,,,,,,
11-Nov-24,29.28814398465779,29.766357371512296,28.40979282795625,29.32718086242676,1200.0,,,,,,
08-Nov-24,30.996049880981445,30.996049880981445,30.996049880981445,30.996049880981445,143.0,,,,,,
07-Nov-24,30.996049880981445,30.996049880981445,30.996049880981445,30.996049880981445,0.0,,,,,,
06-Nov-24,30.996049880981445,30.996049880981445,30.996049880981445,30.996049880981445,0.0,,,,,,
05-Nov-24,30.996049880981445,30.996049880981445,30.029863417927405,30.996049880981445,6.0,,,,,,
04-Nov-24,30.996049880981445,30.996049880981445,30.996049880981445,30.996049880981445,0.0,,,,,,
01-Nov-24,30.996049880981445,30.996049880981445,30.996049880981445,30.996049880981445,0.0,,,,,,
31-Oct-24,31.19123799368161,31.718249807058115,30.25433058519389,30.996049880981445,530.0,,,,,,
30-Oct-24,27.32649124186318,28.312197042178155,27.32649124186318,29.288143157958984,66.0,,,,,,
29-Oct-24,29.288143157958984,29.288143157958984,29.288143157958984,29.288143157958984,0.0,,,,,,
28-Oct-24,29.27838347342484,29.76635653131525,29.27838347342484,29.288143157958984,4.0,,,,,,
25-Oct-24,29.288143157958984,29.288143157958984,29.27838347342484,29.288143157958984,500.0,,,,,,
24-Oct-24,31.386427377514465,31.386427377514465,29.13199233945796,29.48333168029785,6000.0,,,,,,
23-Oct-24,33.18216779787675,33.18216779787675,32.206221686174494,32.34285354614258,948.0,,,,,,
22-Oct-24,32.99673843383789,32.99673843383789,32.99673843383789,32.99673843383789,0.0,,,,,,
21-Oct-24,32.99673843383789,32.99673843383789,32.99673843383789,32.99673843383789,0.0,,,,,,
18-Oct-24,36.10024727818539,36.10024727818539,36.10024727818539,32.99673843383789,86.0,,,,,,
17-Oct-24,30.5457103457862,35.92691531921695,30.5457103457862,32.99673843383789,27.0,,,,,,
16-Oct-24,32.250371429633645,32.250371429633645,31.87258150491554,32.99673843383789,20.0,,,,,,
15-Oct-24,33.033593329777275,33.033593329777275,30.87742549930988,32.99673843383789,217.0,,,,,,
14-Oct-24,30.41670590745797,30.41670590745797,30.41670590745797,32.99673843383789,6.0,,,,,,
11-Oct-24,32.99673843383789,32.99673843383789,32.99673843383789,32.99673843383789,0.0,,,,,,
10-Oct-24,32.61894850911978,32.61894850911978,31.43029111853909,32.99673843383789,254.0,,,,,,
09-Oct-24,32.99673843383789,32.99673843383789,32.99673843383789,32.99673843383789,0.0,,,,,,
08-Oct-24,32.99673843383789,32.99673843383789,32.99673843383789,32.99673843383789,0.0,,,,,,
07-Oct-24,32.250371429633645,34.00110728467551,31.835723093964617,32.99673843383789,1800.0,,,,,,
04-Oct-24,31.789653125562168,33.061240234787924,31.789653125562168,35.01469039916992,110.0,,,,,,
03-Oct-24,31.79886597116733,31.79886597116733,31.79886597116733,35.01469039916992,99.0,,,,,,
02-Oct-24,35.01469039916992,35.01469039916992,35.01469039916992,35.01469039916992,0.0,,,,,,
01-Oct-24,35.01469039916992,35.01469039916992,35.01469039916992,35.01469039916992,1000.0,,,,,,
30-Sep-24,33.17181020844024,33.17181020844024,32.25037103598357,33.015167236328125,600.0,,,,,,
27-Sep-24,30.4074935913086,30.4074935913086,30.4074935913086,30.4074935913086,0.0,,,,,,
26-Sep-24,30.4074935913086,30.4074935913086,30.4074935913086,30.4074935913086,0.0,,,,,,
25-Sep-24,30.4074935913086,30.4074935913086,30.4074935913086,30.4074935913086,0.0,,,,,,
24-Sep-24,30.4074935913086,30.4074935913086,30.4074935913086,30.4074935913086,0.0,,,,,,
23-Sep-24,30.4074935913086,30.4074935913086,30.4074935913086,30.4074935913086,0.0,,,,,,
20-Sep-24,29.48605439157197,29.48605439157197,29.48605439157197,30.4074935913086,55.0,,,,,,
19-Sep-24,30.4074935913086,30.4074935913086,30.4074935913086,30.4074935913086,0.0,,,,,,
18-Sep-24,30.4074935913086,30.4074935913086,30.4074935913086,30.4074935913086,0.0,,,,,,
17-Sep-24,30.4074935913086,30.4074935913086,30.4074935913086,30.4074935913086,0.0,,,,,,
16-Sep-24,29.94677399144028,30.4074935913086,29.94677399144028,30.4074935913086,2502.0,,,,,,
13-Sep-24,31.328933715820312,31.328933715820312,31.328933715820312,31.328933715820312,0.0,,,,,,
12-Sep-24,29.49526810761274,33.171812169692096,29.49526810761274,31.328933715820312,1660.0,,,,,,
11-Sep-24,31.78965187072754,31.78965187072754,31.78965187072754,31.78965187072754,0.0,,,,,,
10-Sep-24,31.78965187072754,31.78965187072754,31.78965187072754,31.78965187072754,0.0,,,,,,
09-Sep-24,31.32893227839816,31.78965187072754,31.32893227839816,31.78965187072754,2096.0,,,,,,
06-Sep-24,31.328933715820312,31.328933715820312,31.328933715820312,31.328933715820312,0.0,,,,,,
05-Sep-24,32.2503729427562,32.2503729427562,32.2503729427562,31.328933715820312,2.0,,,,,,
04-Sep-24,31.328933715820312,31.328933715820312,31.328933715820312,31.328933715820312,0.0,,,,,,
03-Sep-24,31.328933715820312,31.328933715820312,31.328933715820312,31.328933715820312,0.0,,,,,,
02-Sep-24,31.328933715820312,31.328933715820312,31.328933715820312,31.328933715820312,0.0,,,,,,
30-Aug-24,31.328933715820312,31.328933715820312,31.328933715820312,31.328933715820312,0.0,,,,,,
29-Aug-24,33.63253178316004,33.63253178316004,33.63253178316004,31.328933715820312,1.0,,,,,,
28-Aug-24,31.328933715820312,31.328933715820312,31.328933715820312,31.328933715820312,1000.0,,,,,,
27-Aug-24,34.056392983947745,34.056392983947745,34.056392983947745,31.328933715820312,1.0,,,,,,
26-Aug-24,34.33282404902617,34.33282404902617,30.41670733454864,31.328933715820312,53.0,,,,,,
23-Aug-24,31.328933715820312,31.328933715820312,31.328933715820312,31.328933715820312,1100.0,,,,,,
22-Aug-24,32.840093216103824,32.840093216103824,29.578197535915443,32.78480911254883,605.0,,,,,,
21-Aug-24,29.578196852515504,30.86821313583877,29.578196852515504,29.854631423950195,111.0,,,,,,
20-Aug-24,29.854631423950195,29.854631423950195,29.486054338711664,29.854631423950195,501.0,,,,,,
19-Aug-24,31.292073460074445,31.292073460074445,29.94677311158743,28.444828033447266,2190.0,,,,,,
16-Aug-24,30.86821228425166,30.86821228425166,28.205253637653875,28.444828033447266,990.0,,,,,,
15-Aug-24,31.328933715820312,31.38422133484068,29.7164150686825,31.328933715820312,830.0,,,,,,
13-Aug-24,31.789653354161384,31.789653354161384,28.19604071780084,28.52775764465332,1960.0,,,,,,
12-Aug-24,29.49526657317893,33.125739188045564,29.49526657317893,30.914283752441406,87.0,,,,,,
09-Aug-24,30.86821249649372,34.08403677780813,30.86821249649372,30.914283752441406,2210.0,,,,,,
08-Aug-24,29.94677537876954,29.94677537876954,29.94677537876954,31.14464569091797,96.0,,,,,,
07-Aug-24,31.14464569091797,31.14464569091797,31.14464569091797,31.14464569091797,0.0,,,,,,
06-Aug-24,30.86821462119321,30.86821462119321,30.86821462119321,31.14464569091797,80.0,,,,,,
05-Aug-24,31.14464569091797,31.14464569091797,31.14464569091797,31.14464569091797,0.0,,,,,,
02-Aug-24,29.02533613634586,29.02533613634586,29.02533613634586,31.14464569091797,370.0,,,,,,
01-Aug-24,34.084039123857025,34.084039123857025,34.084039123857025,31.14464569091797,1.0,,,,,,
31-Jul-24,31.14464569091797,31.14464569091797,31.14464569091797,31.14464569091797,0.0,,,,,,
30-Jul-24,31.14464569091797,31.14464569091797,31.14464569091797,31.14464569091797,0.0,,,,,,
29-Jul-24,31.14464569091797,31.14464569091797,31.14464569091797,31.14464569091797,0.0,,,,,,
26-Jul-24,31.14464569091797,31.14464569091797,31.14464569091797,31.14464569091797,0.0,,,,,,
25-Jul-24,31.14464569091797,31.14464569091797,31.14464569091797,31.14464569091797,0.0,,,,,,
24-Jul-24,31.14464569091797,31.14464569091797,31.14464569091797,31.14464569091797,0.0,,,,,,
23-Jul-24,31.14464569091797,31.14464569091797,31.14464569091797,31.14464569091797,0.0,,,,,,
22-Jul-24,31.14464569091797,31.14464569091797,31.14464569091797,31.14464569091797,0.0,,,,,,
19-Jul-24,31.78965386361689,31.78965386361689,31.78965386361689,31.14464569091797,500.0,,,,,,
18-Jul-24,31.14464569091797,31.14464569091797,31.14464569091797,31.14464569091797,0.0,,,,,,
17-Jul-24,31.14464569091797,31.14464569091797,31.14464569091797,31.14464569091797,0.0,,,,,,
16-Jul-24,31.14464569091797,31.14464569091797,31.14464569091797,31.14464569091797,0.0,,,,,,
15-Jul-24,31.14464569091797,31.14464569091797,31.14464569091797,31.14464569091797,0.0,,,,,,
12-Jul-24,31.14464569091797,31.14464569091797,31.14464569091797,31.14464569091797,500.0,,,,,,
11-Jul-24,29.94677352905273,30.177133325430063,29.94677352905273,29.94677352905273,140.0,,,,,,
10-Jul-24,34.00110735129834,34.00110735129834,29.94677352905273,29.94677352905273,590.0,,,,,,
09-Jul-24,31.32893233374444,32.20430026371902,31.32893233374444,31.706722259521484,2795.0,,,,,,
08-Jul-24,31.319719314575195,31.319719314575195,31.319719314575195,31.319719314575195,0.0,,,,,,
05-Jul-24,31.31050295435704,31.319719314575195,31.31050295435704,31.319719314575195,600.0,,,,,,
04-Jul-24,30.370635986328125,30.370635986328125,30.370635986328125,30.370635986328125,0.0,,,,,,
03-Jul-24,30.398281553262347,30.407494398899296,29.937561941157814,30.370635986328125,1800.0,,,,,,
02-Jul-24,29.172765731811523,29.172765731811523,29.172765731811523,29.172765731811523,500.0,,,,,,
01-Jul-24,29.53212547302246,29.53212547302246,29.53212547302246,29.53212547302246,0.0,,,,,,
28-Jun-24,29.53212547302246,29.53212547302246,29.53212547302246,29.53212547302246,0.0,,,,,,
27-Jun-24,29.53212547302246,29.53212547302246,29.53212547302246,29.53212547302246,0.0,,,,,,
26-Jun-24,29.578196729733133,30.868213007701403,29.49526706164929,29.53212547302246,2050.0,,,,,,
25-Jun-24,30.868213735666075,30.868213735666075,30.868213735666075,29.5874137878418,100.0,,,,,,
24-Jun-24,29.5874137878418,29.5874137878418,29.5874137878418,29.5874137878418,0.0,,,,,,
21-Jun-24,29.5874137878418,29.5874137878418,29.5874137878418,29.5874137878418,0.0,,,,,,
20-Jun-24,29.946774519676044,29.946774519676044,29.946774519676044,29.5874137878418,100.0,,,,,,
14-Jun-24,31.69751043606177,31.69751043606177,29.4952677572358,29.5874137878418,50.0,,,,,,
13-Jun-24,30.407494127671058,30.407494127671058,30.407494127671058,29.5874137878418,100.0,,,,,,
12-Jun-24,29.5874137878418,29.5874137878418,29.5874137878418,29.5874137878418,1000.0,,,,,,
11-Jun-24,31.328933715820312,31.328933715820312,31.328933715820312,31.328933715820312,0.0,,,,,,
10-Jun-24,31.328933715820312,31.328933715820312,31.328933715820312,31.328933715820312,0.0,,,,,,
07-Jun-24,31.328933715820312,31.328933715820312,31.328933715820312,31.328933715820312,0.0,,,,,,
06-Jun-24,31.3197208701561,31.3197208701561,31.3197208701561,31.328933715820312,40.0,,,,,,
05-Jun-24,31.328933715820312,31.328933715820312,31.328933715820312,31.328933715820312,0.0,,,,,,
04-Jun-24,31.328933715820312,31.328933715820312,31.328933715820312,31.328933715820312,0.0,,,,,,
03-Jun-24,31.328933715820312,31.328933715820312,31.328933715820312,31.328933715820312,0.0,,,,,,
31-May-24,31.328933715820312,31.328933715820312,31.328933715820312,31.328933715820312,56.0,,,,,,
30-May-24,31.789653329288257,31.789653329288257,31.789653329288257,31.328933715820312,10.0,,,,,,
29-May-24,31.328933715820312,31.328933715820312,31.328933715820312,31.328933715820312,0.0,,,,,,
28-May-24,31.328933715820312,31.328933715820312,31.328933715820312,31.328933715820312,0.0,,,,,,
27-May-24,32.06608439436668,32.06608439436668,32.06608439436668,31.328933715820312,15.0,,,,,,
24-May-24,30.877426948016577,31.328933715820312,30.877426948016577,31.328933715820312,4500.0,,,,,,
23-May-24,32.67423248291016,32.67423248291016,32.67423248291016,32.67423248291016,0.0,,,,,,
22-May-24,32.67423248291016,32.67423248291016,32.67423248291016,32.67423248291016,0.0,,,,,,
21-May-24,32.67423248291016,32.67423248291016,32.67423248291016,32.67423248291016,0.0,,,,,,
20-May-24,32.67423248291016,32.67423248291016,32.67423248291016,32.67423248291016,0.0,,,,,,
17-May-24,32.67423248291016,32.67423248291016,32.67423248291016,32.67423248291016,0.0,,,,,,
16-May-24,32.67423248291016,32.67423248291016,32.67423248291016,32.67423248291016,0.0,,,,,,
15-May-24,32.67423248291016,32.67423248291016,32.67423248291016,32.67423248291016,0.0,,,,,,
14-May-24,32.67423248291016,32.67423248291016,32.67423248291016,32.67423248291016,0.0,,,,,,
13-May-24,32.67423248291016,32.67423248291016,32.67423248291016,32.67423248291016,0.0,,,,,,
10-May-24,32.67423248291016,32.67423248291016,32.67423248291016,32.67423248291016,0.0,,,,,,
09-May-24,30.86821253350769,33.58645881781889,30.86821253350769,32.67423248291016,2500.0,,,,,,
08-May-24,32.25037384033203,32.25037384033203,32.25037384033203,32.25037384033203,500.0,,,,,,
07-May-24,33.171810150146484,33.171810150146484,33.171810150146484,33.171810150146484,0.0,,,,,,
06-May-24,33.171810150146484,33.171810150146484,33.171810150146484,33.171810150146484,0.0,,,,,,
03-May-24,33.171810150146484,33.171810150146484,33.171810150146484,33.171810150146484,1000.0,,,,,,
02-May-24,32.5728759765625,32.5728759765625,32.5728759765625,32.5728759765625,500.0,,,,,,
30-Apr-24,33.40216956851745,33.40216956851745,31.338144302368164,31.338144302368164,2500.0,,,,,,
29-Apr-24,31.78965187072754,31.78965187072754,31.78965187072754,31.78965187072754,4000.0,,,,,,
26-Apr-24,29.56898498535156,29.56898498535156,29.56898498535156,29.56898498535156,0.0,,,,,,
25-Apr-24,29.56898498535156,29.56898498535156,29.56898498535156,29.56898498535156,500.0,,,,,,
24-Apr-24,29.47684097290039,29.47684097290039,29.47684097290039,29.47684097290039,0.0,,,,,,
23-Apr-24,29.47684097290039,29.47684097290039,29.47684097290039,29.47684097290039,0.0,,,,,,
22-Apr-24,29.47684097290039,29.47684097290039,29.47684097290039,29.47684097290039,500.0,,,,,,
19-Apr-24,29.753273010253903,29.753273010253903,29.753273010253903,29.753273010253903,0.0,,,,,,
18-Apr-24,29.753273010253903,29.753273010253903,29.753273010253903,29.753273010253903,500.0,,,,,,
17-Apr-24,29.753273010253903,29.753273010253903,29.753273010253903,29.753273010253903,0.0,,,,,,
16-Apr-24,29.753273010253903,29.753273010253903,29.753273010253903,29.753273010253903,2500.0,,,,,,
15-Apr-24,29.93756103515625,29.93756103515625,29.93756103515625,29.93756103515625,0.0,,,,,,
10-Apr-24,29.93756103515625,29.93756103515625,29.93756103515625,29.93756103515625,0.0,,,,,,
09-Apr-24,29.93756103515625,29.93756103515625,29.93756103515625,29.93756103515625,0.0,,,,,,
08-Apr-24,29.93756103515625,29.93756103515625,29.93756103515625,29.93756103515625,500.0,,,,,,
05-Apr-24,30.213991165161133,30.213991165161133,30.213991165161133,30.213991165161133,0.0,,,,,,
04-Apr-24,30.213991165161133,30.213991165161133,30.213991165161133,30.213991165161133,500.0,,,,,,
03-Apr-24,31.328933715820312,31.328933715820312,31.328933715820312,31.328933715820312,0.0,,,,,,
02-Apr-24,31.328933715820312,31.328933715820312,31.328933715820312,31.328933715820312,1000.0,,,,,,
01-Apr-24,31.328933715820312,31.328933715820312,31.328933715820312,31.328933715820312,0.0,,,,,,
29-Mar-24,31.328933715820312,31.328933715820312,31.328933715820312,31.328933715820312,500.0,,,,,,
28-Mar-24,31.23679050415241,31.328933018791265,31.23679050415241,31.273645401000977,3500.0,,,,,,
27-Mar-24,29.94677629043807,31.789654831388106,29.94677629043807,30.86821556091309,1000.0,,,,,,
26-Mar-24,31.74357986450196,31.74357986450196,31.74357986450196,31.74357986450196,0.0,,,,,,
22-Mar-24,31.74357986450196,31.74357986450196,31.74357986450196,31.74357986450196,0.0,,,,,,
21-Mar-24,31.74357986450196,31.74357986450196,31.74357986450196,31.74357986450196,0.0,,,,,,
20-Mar-24,31.74357986450196,31.74357986450196,31.74357986450196,31.74357986450196,0.0,,,,,,
19-Mar-24,31.74357986450196,31.74357986450196,31.74357986450196,31.74357986450196,500.0,,,,,,
18-Mar-24,31.282861709594727,31.282861709594727,31.282861709594727,31.282861709594727,0.0,,,,,,
15-Mar-24,31.282861709594727,31.282861709594727,31.282861709594727,31.282861709594727,0.0,,,,,,
14-Mar-24,31.282861709594727,31.282861709594727,31.282861709594727,31.282861709594727,2500.0,,,,,,
13-Mar-24,29.85463101650642,31.743580643798207,29.85463101650642,29.94677352905273,5500.0,,,,,,
12-Mar-24,32.25037384033203,32.25037384033203,32.25037384033203,32.25037384033203,0.0,,,,,,
11-Mar-24,32.25037384033203,32.25037384033203,32.25037384033203,32.25037384033203,0.0,,,,,,
08-Mar-24,32.25037384033203,32.25037384033203,32.25037384033203,32.25037384033203,500.0,,,,,,
07-Mar-24,30.545711517333984,30.545711517333984,30.545711517333984,30.545711517333984,500.0,,,,,,
06-Mar-24,29.25569534301757,29.25569534301757,29.25569534301757,29.25569534301757,0.0,,,,,,
05-Mar-24,29.49526799449699,29.49526799449699,29.25569534301757,29.25569534301757,2500.0,,,,,,
04-Mar-24,31.328933715820312,31.328933715820312,31.328933715820312,31.328933715820312,0.0,,,,,,
01-Mar-24,30.40749448888442,31.328933715820312,30.40749448888442,31.328933715820312,2000.0,,,,,,
29-Feb-24,30.86821556091309,30.86821556091309,30.86821556091309,30.86821556091309,1000.0,,,,,,
28-Feb-24,29.467626389381365,29.71641540527344,29.467626389381365,29.71641540527344,3500.0,,,,,,
27-Feb-24,27.64317512512207,28.10389471054077,27.64317512512207,27.64317512512207,22000.0,,,,,,
26-Feb-24,27.64317512512207,27.64317512512207,27.64317512512207,27.64317512512207,0.0,,,,,,
23-Feb-24,27.64317512512207,27.64317512512207,27.64317512512207,27.64317512512207,0.0,,,,,,
22-Feb-24,27.64317512512207,27.64317512512207,27.64317512512207,27.64317512512207,0.0,,,,,,
21-Feb-24,27.64317512512207,27.64317512512207,27.64317512512207,27.64317512512207,0.0,,,,,,
20-Feb-24,27.64317512512207,27.64317512512207,27.64317512512207,27.64317512512207,0.0,,,,,,
19-Feb-24,27.64317512512207,27.64317512512207,27.64317512512207,27.64317512512207,0.0,,,,,,
16-Feb-24,27.64317512512207,27.64317512512207,27.64317512512207,27.64317512512207,8500.0,,,,,,
15-Feb-24,27.64317512512207,27.64317512512207,27.64317512512207,27.64317512512207,3000.0,,,,,,
14-Feb-24,27.64317512512207,27.64317512512207,27.64317512512207,27.64317512512207,5000.0,,,,,,
13-Feb-24,27.219316482543945,27.219316482543945,27.219316482543945,27.219316482543945,0.0,,,,,,
12-Feb-24,27.219316482543945,27.219316482543945,27.219316482543945,27.219316482543945,500.0,,,,,,
09-Feb-24,27.219316482543945,27.219316482543945,27.219316482543945,27.219316482543945,500.0,,,,,,
08-Feb-24,27.219316482543945,27.219316482543945,27.219316482543945,27.219316482543945,0.0,,,,,,
07-Feb-24,27.219316482543945,27.219316482543945,27.219316482543945,27.219316482543945,0.0,,,,,,
06-Feb-24,27.219316482543945,27.219316482543945,27.219316482543945,27.219316482543945,0.0,,,,,,
02-Feb-24,27.219316482543945,27.219316482543945,27.219316482543945,27.219316482543945,500.0,,,,,,
01-Feb-24,27.219316482543945,27.219316482543945,27.219316482543945,27.219316482543945,0.0,,,,,,
31-Jan-24,27.219316482543945,27.219316482543945,27.219316482543945,27.219316482543945,0.0,,,,,,
30-Jan-24,27.219316482543945,27.219316482543945,27.219316482543945,27.219316482543945,0.0,,,,,,
29-Jan-24,26.804668114087164,27.366746622993933,26.804668114087164,27.219316482543945,3500.0,,,,,,
26-Jan-24,28.97926521301269,28.97926521301269,28.97926521301269,28.97926521301269,0.0,,,,,,
25-Jan-24,28.97926521301269,28.97926521301269,28.97926521301269,28.97926521301269,0.0,,,,,,
24-Jan-24,28.10389721956487,28.97926521301269,28.10389721956487,28.97926521301269,5500.0,,,,,,
23-Jan-24,27.67082023620605,27.67082023620605,27.67082023620605,27.67082023620605,0.0,,,,,,
22-Jan-24,25.20136286085292,27.818250369883334,25.20136286085292,27.67082023620605,28000.0,,,,,,
19-Jan-24,27.09952545166016,27.09952545166016,27.09952545166016,27.09952545166016,0.0,,,,,,
18-Jan-24,27.6431746945875,27.6431746945875,27.09952545166016,27.09952545166016,1000.0,,,,,,
17-Jan-24,29.24648094177246,29.24648094177246,29.24648094177246,29.24648094177246,0.0,,,,,,
16-Jan-24,29.24648094177246,29.24648094177246,29.24648094177246,29.24648094177246,0.0,,,,,,
15-Jan-24,27.45888834393088,29.24648094177246,27.45888834393088,29.24648094177246,3500.0,,,,,,
12-Jan-24,27.182457394904223,27.58789114984512,27.182457394904223,27.403602600097656,4500.0,,,,,,
11-Jan-24,25.66208267211914,25.66208267211914,25.66208267211914,25.66208267211914,0.0,,,,,,
10-Jan-24,25.29350733499384,25.66208267211914,25.29350733499384,25.66208267211914,8500.0,,,,,,
09-Jan-24,24.87885856628418,24.87885856628418,24.87885856628418,24.87885856628418,0.0,,,,,,
08-Jan-24,24.87885856628418,24.87885856628418,24.87885856628418,24.87885856628418,0.0,,,,,,
05-Jan-24,24.87885856628418,24.87885856628418,24.87885856628418,24.87885856628418,1000.0,,,,,,
04-Jan-24,24.87885856628418,24.87885856628418,24.87885856628418,24.87885856628418,0.0,,,,,,
03-Jan-24,24.87885856628418,24.87885856628418,24.87885856628418,24.87885856628418,0.0,,,,,,
02-Jan-24,24.87885856628418,24.87885856628418,24.87885856628418,24.87885856628418,500.0,,,,,,
01-Jan-24,24.87885856628418,24.87885856628418,24.87885856628418,24.87885856628418,6000.0,,,,,,
29-Dec-23,24.87885856628418,24.87885856628418,24.87885856628418,24.87885856628418,500.0,,,,,,
28-Dec-23,24.69457002205012,24.87885856628418,24.69457002205012,24.87885856628418,2000.0,,,,,,
27-Dec-23,24.87885856628418,24.87885856628418,24.87885856628418,24.87885856628418,2000.0,,,,,,
26-Dec-23,24.87885856628418,24.87885856628418,24.87885856628418,24.87885856628418,0.0,,,,,,
25-Dec-23,24.87885856628418,24.87885856628418,24.87885856628418,24.87885856628418,0.0,,,,,,
22-Dec-23,24.87885856628418,24.87885856628418,24.87885856628418,24.87885856628418,4500.0,,,,,,
21-Dec-23,24.630069732666016,24.630069732666016,24.630069732666016,24.630069732666016,0.0,,,,,,
20-Dec-23,24.630069732666016,24.630069732666016,24.630069732666016,24.630069732666016,0.0,,,,,,
19-Dec-23,24.64849893872066,24.64849893872066,24.630069732666016,24.630069732666016,4000.0,,,,,,
18-Dec-23,26.62959289550781,26.62959289550781,26.62959289550781,26.62959289550781,500.0,,,,,,
15-Dec-23,26.26101829040092,26.26101829040092,25.339579052141232,25.56072425842285,8000.0,,,,,,
14-Dec-23,24.17856464158516,25.339578256225646,24.17856464158516,25.03550338745117,4000.0,,,,,,
13-Dec-23,26.113588333129883,26.113588333129883,26.113588333129883,26.113588333129883,0.0,,,,,,
12-Dec-23,23.03598111549877,26.2518038683217,23.03598111549877,26.113588333129883,3000.0,,,,,,
11-Dec-23,24.6577133677068,24.87885856628418,24.6577133677068,24.87885856628418,2000.0,,,,,,
08-Dec-23,25.56993802711124,25.56993802711124,25.3395782250652,25.35800743103028,3500.0,,,,,,
07-Dec-23,24.47342498447961,26.52823576343615,24.233850578401537,25.754226684570312,56000.0,,,,,,
06-Dec-23,25.80029770494693,26.15965843200684,25.80029770494693,26.15965843200684,1500.0,,,,,,
05-Dec-23,27.643176218618656,27.643176218618656,24.55635452270508,24.55635452270508,8000.0,,,,,,
04-Dec-23,26.26101875305176,26.26101875305176,26.26101875305176,26.26101875305176,2000.0,,,,,,
01-Dec-23,24.87885828432829,26.49137687683105,24.14170763075792,26.49137687683105,39000.0,,,,,,
30-Nov-23,25.523866713597577,25.523866713597577,24.78671429416715,24.87885856628418,5000.0,,,,,,
29-Nov-23,25.616008581152222,25.754225864589323,23.77313021538571,23.782344818115234,16500.0,,,,,,
28-Nov-23,25.809511902193425,25.809511902193425,25.61600875854492,25.61600875854492,6000.0,,,,,,
27-Nov-23,25.818727374841803,25.98458671569824,25.818727374841803,25.98458671569824,6500.0,,,,,,
24-Nov-23,27.62474822998047,27.62474822998047,27.62474822998047,27.62474822998047,500.0,,,,,,
23-Nov-23,25.8002986907959,25.8002986907959,25.8002986907959,25.8002986907959,2000.0,,,,,,
22-Nov-23,25.56993865966797,25.56993865966797,25.56993865966797,25.56993865966797,500.0,,,,,,
21-Nov-23,25.846369399185,27.182456970214844,25.846369399185,27.182456970214844,2500.0,,,,,,
20-Nov-23,25.8002986907959,25.8002986907959,25.8002986907959,25.8002986907959,0.0,,,,,,
17-Nov-23,25.8002986907959,25.8002986907959,25.8002986907959,25.8002986907959,0.0,,,,,,
09-Oct-20,17.56,17.9,17.56,17.9,2000.0,,,,,,
08-Oct-20,17.91,18.5,17.9,18.5,4000.0,,,,,,
06-Oct-20,18.5,18.75,18.0,18.75,26000.0,,,,,,
05-Oct-20,18.56,18.75,18.05,18.4,18500.0,,,,,,
02-Oct-20,19.39,19.4,19.0,19.0,4000.0,,,,,,
30-Sep-20,21.39,21.4,19.09,19.1,10500.0,,,,,,
29-Sep-20,18.87,20.0,18.87,20.0,4500.0,,,,,,
28-Sep-20,20.39,20.39,20.39,20.39,500.0,,,,,,
25-Sep-20,19.0,19.0,19.0,19.0,2000.0,,,,,,
22-Sep-20,19.0,19.0,19.0,19.0,1000.0,,,,,,
21-Sep-20,18.75,19.0,18.75,19.0,7000.0,,,,,,
18-Sep-20,18.47,18.75,18.47,18.75,9000.0,,,,,,
17-Sep-20,18.26,18.26,18.19,18.2,3500.0,,,,,,
15-Sep-20,19.0,19.0,19.0,19.0,1000.0,,,,,,
14-Sep-20,20.0,20.0,19.12,19.25,7500.0,,,,,,
08-Sep-20,20.5,20.5,20.0,20.0,1500.0,,,,,,
03-Sep-20,19.4,19.4,19.4,19.4,1000.0,,,,,,
26-Aug-20,17.57,18.75,17.56,18.75,19500.0,,,,,,
25-Aug-20,18.5,18.5,18.15,18.5,1500.0,,,,,,
24-Aug-20,17.01,18.85,17.01,18.29,1500.0,,,,,,
21-Aug-20,17.01,18.0,17.0,18.0,10000.0,,,,,,
20-Aug-20,17.95,17.95,17.95,17.95,500.0,,,,,,
19-Aug-20,18.51,18.95,18.0,18.0,34500.0,,,,,,
18-Aug-20,19.0,19.0,19.0,19.0,500.0,,,,,,
12-Aug-20,19.21,19.21,19.21,19.21,500.0,,,,,,
11-Aug-20,20.74,20.75,20.74,20.75,3000.0,,,,,,
10-Aug-20,0.0,19.05,19.05,19.35,1000.0,,,,,,
07-Aug-20,18.48,19.35,18.48,19.35,32000.0,,,,,,
06-Aug-20,18.01,18.01,18.0,18.0,5000.0,,,,,,
27-Jul-20,17.3,18.7,17.3,18.7,3000.0,,,,,,
24-Jul-20,18.7,18.7,18.7,18.7,500.0,,,,,,
23-Jul-20,19.59,19.66,19.59,19.66,3000.0,,,,,,
22-Jul-20,18.1,18.29,18.1,18.29,3500.0,,,,,,
21-Jul-20,17.06,17.06,17.02,17.02,1000.0,,,,,,
14-Jul-20,17.98,17.99,17.98,17.99,1000.0,,,,,,
13-Jul-20,18.1,18.1,18.1,18.1,500.0,,,,,,
09-Jul-20,18.9,19.0,18.1,18.1,5000.0,,,,,,
08-Jul-20,18.26,19.2,18.26,19.1,2500.0,,,,,,
30-Jun-20,21.6,21.6,19.7,19.7,3000.0,,,,,,
29-Jun-20,19.26,21.06,19.26,20.97,2500.0,,,,,,
26-Jun-20,20.0,20.5,20.0,20.5,1500.0,,,,,,
25-Jun-20,20.85,20.88,20.85,20.87,2000.0,,,,,,
24-Jun-20,22.18,22.18,20.22,20.22,23500.0,,,,,,
23-Jun-20,22.3,22.5,21.85,21.85,25000.0,,,,,,
22-Jun-20,22.5,23.17,20.0,21.95,17000.0,,,,,,
19-Jun-20,20.98,22.0,19.41,21.56,66000.0,,,,,,
18-Jun-20,20.98,20.98,20.98,20.98,1000.0,,,,,,
17-Jun-20,20.0,20.0,19.8,19.88,13000.0,,,,,,
16-Jun-20,18.8,18.97,18.3,18.97,16500.0,,,,,,
15-Jun-20,17.65,17.65,17.65,17.65,1000.0,,,,,,
12-Jun-20,17.39,18.65,17.05,18.3,12500.0,,,,,,
11-Jun-20,17.4,17.4,16.95,17.39,7500.0,,,,,,
10-Jun-20,16.25,16.25,16.25,16.25,19000.0,,,,,,
09-Jun-20,15.12,15.12,15.12,15.12,500.0,,,,,,
28-May-20,15.36,16.4,15.36,15.88,1000.0,,,,,,
05-May-20,17.95,17.98,16.5,16.5,4500.0,,,,,,
04-May-20,16.86,16.86,16.86,16.86,6000.0,,,,,,
30-Apr-20,15.68,15.69,15.68,15.69,6500.0,,,,,,
29-Apr-20,0.0,14.6,14.6,14.6,0.0,,,,,,
20-Apr-20,14.7,14.7,14.7,14.7,500.0,,,,,,
31-Mar-20,13.86,13.86,13.86,13.86,1000.0,,,,,,
30-Mar-20,0.0,14.95,14.95,14.95,0.0,,,,,,
27-Mar-20,14.89,14.89,14.89,14.89,500.0,,,,,,
26-Mar-20,13.95,13.95,13.95,13.95,1000.0,,,,,,
18-Mar-20,15.08,15.08,15.08,15.08,1000.0,,,,,,
12-Mar-20,16.3,16.3,16.3,16.3,500.0,,,,,,
11-Mar-20,19.2,19.2,16.82,17.5,7500.0,,,,,,
10-Mar-20,18.05,18.08,18.0,18.07,8000.0,,,,,,
09-Mar-20,16.9,16.9,16.9,16.9,3000.0,,,,,,
04-Mar-20,15.8,15.8,15.8,15.8,1000.0,,,,,,
03-Mar-20,15.51,15.51,15.51,15.51,1000.0,,,,,,
27-Feb-20,15.57,16.89,15.54,15.54,7500.0,,,,,,
26-Feb-20,16.66,16.66,16.61,16.61,3000.0,,,,,,
25-Feb-20,17.77,19.34,17.76,17.76,3000.0,,,,,,
24-Feb-20,17.02,18.99,17.02,18.99,1000.0,,,,,,
20-Feb-20,16.68,18.07,16.68,18.07,1000.0,,,,,,
17-Feb-20,16.99,16.99,16.99,16.99,1000.0,,,,,,
13-Feb-20,16.5,16.5,16.5,16.5,500.0,,,,,,
07-Feb-20,16.36,17.0,16.14,16.83,7500.0,,,,,,
06-Feb-20,17.06,17.5,17.06,17.11,2500.0,,,,,,
31-Jan-20,16.74,17.69,16.4,17.68,45000.0,,,,,,
30-Jan-20,17.11,17.11,16.33,16.69,15000.0,,,,,,
29-Jan-20,16.8,17.5,16.03,16.12,3500.0,,,,,,
28-Jan-20,16.0,16.77,16.0,16.5,11000.0,,,,,,
27-Jan-20,16.0,16.0,16.0,16.0,1000.0,,,,,,
24-Jan-20,16.03,16.03,16.03,16.03,1000.0,,,,,,
23-Jan-20,16.25,16.75,16.25,16.75,1000.0,,,,,,
21-Jan-20,16.0,16.68,16.0,16.68,2000.0,,,,,,
20-Jan-20,16.0,16.3,16.0,16.18,1500.0,,,,,,
14-Jan-20,15.86,15.86,15.81,15.81,2500.0,,,,,,
10-Jan-20,16.0,16.6,16.0,16.6,4000.0,,,,,,
08-Jan-20,15.66,15.66,15.66,15.66,500.0,,,,,,
07-Jan-20,15.22,16.65,15.22,16.65,7500.0,,,,,,
02-Jan-20,16.22,16.22,16.22,16.22,500.0,,,,,,
01-Jan-20,16.0,16.75,16.0,16.75,14500.0,,,,,,
30-Dec-19,16.06,16.06,16.06,16.06,1000.0,,,,,,
26-Dec-19,16.76,16.76,16.76,16.76,5000.0,,,,,,
19-Dec-19,16.99,17.0,16.76,16.76,6000.0,,,,,,
18-Dec-19,0.0,17.67,17.67,17.67,0.0,,,,,,
17-Dec-19,17.67,17.74,16.11,17.67,27500.0,,,,,,
16-Dec-19,15.76,16.74,15.76,16.74,7500.0,,,,,,
10-Dec-19,16.36,16.36,16.36,16.36,1000.0,,,,,,
05-Dec-19,16.66,17.11,16.57,17.11,4000.0,,,,,,
04-Dec-19,17.5,17.5,17.5,17.5,1000.0,,,,,,
03-Dec-19,17.74,18.0,17.5,18.0,10500.0,,,,,,
02-Dec-19,17.25,17.25,16.8,17.24,5500.0,,,,,,
29-Nov-19,16.3,16.3,16.25,16.25,4500.0,,,,,,
28-Nov-19,16.25,16.5,16.25,16.5,6000.0,,,,,,
22-Nov-19,16.1,16.1,16.1,16.1,500.0,,,,,,
21-Nov-19,15.79,15.79,15.79,15.79,500.0,,,,,,
20-Nov-19,16.78,16.8,16.77,16.79,4500.0,,,,,,
18-Nov-19,17.75,17.75,17.75,17.75,2000.0,,,,,,
15-Nov-19,16.35,17.5,16.35,17.0,8000.0,,,,,,
11-Nov-19,16.5,17.25,16.5,17.25,9000.0,,,,,,
08-Nov-19,15.65,16.4,15.65,16.32,21000.0,,,,,,
05-Nov-19,16.89,16.89,16.07,16.07,3500.0,,,,,,
01-Nov-19,16.0,16.0,16.0,16.0,500.0,,,,,,
30-Oct-19,15.68,15.99,15.68,15.99,4500.0,,,,,,
29-Oct-19,14.94,15.26,14.94,15.26,7500.0,,,,,,
28-Oct-19,14.2,14.26,14.0,14.26,56000.0,,,,,,
25-Oct-19,13.26,13.26,13.26,13.26,500.0,,,,,,
24-Oct-19,14.0,14.1,14.0,14.0,5500.0,,,,,,
23-Oct-19,13.1,13.1,13.1,13.1,500.0,,,,,,
22-Oct-19,13.16,14.2,13.16,13.68,1000.0,,,,,,
17-Oct-19,13.5,13.99,13.45,13.99,2500.0,,,,,,
14-Oct-19,13.99,13.99,13.99,13.99,1000.0,,,,,,
11-Oct-19,14.25,14.9,13.56,13.56,8000.0,,,,,,
10-Oct-19,13.99,14.0,13.97,13.99,26500.0,,,,,,
09-Oct-19,13.0,13.7,13.0,13.7,1000.0,,,,,,
08-Oct-19,12.92,12.96,12.92,12.96,2000.0,,,,,,
04-Oct-19,13.48,13.5,13.45,13.5,23000.0,,,,,,
03-Oct-19,10.61,12.5,10.61,12.5,2500.0,,,,,,
02-Oct-19,11.5,11.5,11.5,11.5,1000.0,,,,,,
01-Oct-19,0.0,11.59,11.59,11.59,0.0,,,,,,
30-Sep-19,11.52,11.52,11.52,11.52,2500.0,,,,,,
27-Sep-19,0.0,11.4,11.4,11.4,0.0,,,,,,
25-Sep-19,11.32,11.34,11.32,11.34,2500.0,,,,,,
20-Sep-19,12.3,12.3,12.3,12.3,500.0,,,,,,
19-Sep-19,11.41,11.41,11.41,11.41,500.0,,,,,,
18-Sep-19,12.5,12.5,11.69,12.03,34500.0,,,,,,
17-Sep-19,12.7,12.7,12.69,12.69,32000.0,,,,,,
16-Sep-19,13.71,13.72,13.69,13.69,5000.0,,,,,,
13-Sep-19,13.89,15.09,13.89,14.69,31500.0,,,,,,
12-Sep-19,14.93,14.93,13.5,14.89,3000.0,,,,,,
11-Sep-19,13.49,14.38,13.49,13.94,3000.0,,,,,,
06-Sep-19,12.6,13.39,12.58,13.39,7500.0,,,,,,
05-Sep-19,13.29,14.29,12.3,13.58,10500.0,,,,,,
04-Sep-19,13.3,13.3,13.3,13.3,500.0,,,,,,
28-Aug-19,14.3,14.3,14.29,14.29,3000.0,,,,,,
27-Aug-19,16.0,16.0,14.26,15.29,4000.0,,,,,,
26-Aug-19,14.6,15.64,14.6,15.25,2000.0,,,,,,
22-Aug-19,14.94,15.59,14.94,15.59,3500.0,,,,,,
20-Aug-19,15.94,15.94,15.94,15.94,1000.0,,,,,,
19-Aug-19,0.0,16.93,16.93,16.93,0.0,,,,,,
02-Aug-19,16.98,16.98,16.98,16.98,500.0,,,,,,
29-Jul-19,14.95,16.49,14.95,16.49,1500.0,,,,,,
25-Jul-19,15.95,15.95,15.95,15.95,1000.0,,,,,,
08-Jul-19,15.7,16.95,15.7,16.95,1500.0,,,,,,
24-Jun-19,16.7,16.7,16.7,16.7,500.0,,,,,,
18-Jun-19,15.75,15.75,15.75,15.75,1000.0,,,,,,
17-Jun-19,15.19,16.75,15.19,16.75,71500.0,,,,,,
14-Jun-19,16.19,16.19,16.19,16.19,500.0,,,,,,
13-Jun-19,15.44,15.44,15.44,15.44,500.0,,,,,,
12-Jun-19,15.5,16.36,14.36,14.7,11000.0,,,,,,
29-May-19,14.75,15.49,14.75,15.36,4000.0,,,,,,
28-May-19,14.65,15.99,14.65,15.75,1500.0,,,,,,
23-May-19,15.65,15.65,15.65,15.65,1500.0,,,,,,
22-May-19,16.65,16.65,16.65,16.65,500.0,,,,,,
20-May-19,13.75,15.75,13.75,15.75,1500.0,,,,,,
09-May-19,16.0,16.4,14.4,14.75,2500.0,,,,,,
26-Apr-19,14.36,15.4,14.36,15.4,1000.0,,,,,,
22-Apr-19,15.35,15.35,15.35,15.35,1000.0,,,,,,
19-Apr-19,15.35,15.35,15.35,15.35,4000.0,,,,,,
17-Apr-19,14.75,15.48,14.75,15.48,1500.0,,,,,,
16-Apr-19,14.14,15.48,14.14,15.36,6000.0,,,,,,
15-Apr-19,14.0,15.49,13.6,15.14,8000.0,,,,,,
12-Apr-19,13.51,14.92,13.5,14.54,5000.0,,,,,,
11-Apr-19,13.1,14.74,13.0,14.06,5000.0,,,,,,
10-Apr-19,14.25,14.25,13.9,13.9,2000.0,,,,,,
09-Apr-19,14.52,14.95,13.74,14.7,8500.0,,,,,,
08-Apr-19,15.25,15.25,14.74,14.74,17500.0,,,,,,
05-Apr-19,15.51,15.74,15.4,15.74,6500.0,,,,,,
04-Apr-19,16.94,16.94,15.5,15.8,15500.0,,,,,,
02-Apr-19,15.75,15.94,15.51,15.94,1500.0,,,,,,
29-Mar-19,16.0,16.0,16.0,16.0,32000.0,,,,,,
28-Mar-19,16.47,16.47,15.8,16.0,49000.0,,,,,,
27-Mar-19,16.3,16.3,16.3,16.3,500.0,,,,,,
26-Mar-19,15.53,16.29,15.52,16.29,5500.0,,,,,,
25-Mar-19,15.45,15.99,15.45,15.75,7000.0,,,,,,
22-Mar-19,15.31,16.44,15.31,16.43,3000.0,,,,,,
21-Mar-19,15.51,15.66,15.01,15.58,5500.0,,,,,,
20-Mar-19,15.51,15.67,15.51,15.67,2500.0,,,,,,
19-Mar-19,16.25,16.25,15.55,15.67,10500.0,,,,,,
18-Mar-19,15.76,16.19,15.75,15.78,64500.0,,,,,,
15-Mar-19,16.24,16.24,16.2,16.2,40500.0,,,,,,
14-Mar-19,16.2,16.45,16.0,16.0,171000.0,,,,,,
12-Mar-19,17.2,17.2,16.8,17.0,50000.0,,,,,,
11-Mar-19,17.1,17.62,17.1,17.62,3500.0,,,,,,
08-Mar-19,17.75,18.0,17.25,17.63,9500.0,,,,,,
06-Mar-19,17.97,18.19,17.7,17.7,15500.0,,,,,,
05-Mar-19,17.6,17.6,17.6,17.6,500.0,,,,,,
04-Mar-19,17.41,18.01,17.41,18.01,2000.0,,,,,,
01-Mar-19,17.41,18.32,17.26,18.15,28500.0,,,,,,
28-Feb-19,16.85,18.25,16.85,18.25,1500.0,,,,,,
27-Feb-19,17.55,17.55,17.45,17.46,41000.0,,,,,,
26-Feb-19,17.61,18.98,17.61,18.45,54000.0,,,,,,
25-Feb-19,17.99,18.1,17.25,18.02,126000.0,,,,,,
22-Feb-19,16.82,18.2,16.82,17.85,104000.0,,,,,,
21-Feb-19,17.3,17.69,17.1,17.38,131000.0,,,,,,
20-Feb-19,17.38,17.4,17.05,17.28,9000.0,,,,,,
19-Feb-19,16.52,17.43,16.52,16.98,59000.0,,,,,,
18-Feb-19,16.8,17.5,16.5,16.74,148500.0,,,,,,
15-Feb-19,16.03,16.5,16.03,16.5,3000.0,,,,,,
14-Feb-19,16.5,16.6,15.71,16.6,8000.0,,,,,,
13-Feb-19,16.5,16.95,16.5,16.68,9500.0,,,,,,
12-Feb-19,16.61,17.0,16.5,16.5,188000.0,,,,,,
11-Feb-19,17.73,17.99,17.5,17.5,67500.0,,,,,,
08-Feb-19,18.79,18.79,17.5,18.5,38000.0,,,,,,
07-Feb-19,16.8,17.79,16.8,17.79,125000.0,,,,,,
06-Feb-19,14.8,16.79,14.79,16.79,164500.0,,,,,,
04-Feb-19,15.96,16.5,15.7,15.79,11000.0,,,,,,
01-Feb-19,16.5,16.5,16.5,16.5,500.0,,,,,,
31-Jan-19,16.9,16.9,16.5,16.5,10000.0,,,,,,
30-Jan-19,18.44,18.49,16.49,16.5,116000.0,,,,,,
29-Jan-19,16.99,17.49,16.99,17.49,50000.0,,,,,,
28-Jan-19,16.5,16.9,16.14,16.9,6000.0,,,,,,
25-Jan-19,16.0,16.9,16.0,16.14,57000.0,,,,,,
24-Jan-19,15.82,16.5,15.82,16.25,108000.0,,,,,,
23-Jan-19,16.67,17.6,16.59,16.79,49000.0,,,,,,
22-Jan-19,18.9,18.9,17.13,17.59,48500.0,,,,,,
21-Jan-19,18.13,18.13,18.13,18.13,5000.0,,,,,,
18-Jan-19,16.39,17.13,16.39,17.13,35000.0,,,,,,
17-Jan-19,17.58,17.58,16.06,16.13,2500.0,,,,,,
15-Jan-19,17.2,17.2,15.78,16.69,22000.0,,,,,,
14-Jan-19,16.0,16.78,16.0,16.78,48500.0,,,,,,
11-Jan-19,16.79,16.8,15.71,15.78,49500.0,,,,,,
10-Jan-19,17.43,17.44,15.5,16.71,83500.0,,,,,,
09-Jan-19,15.5,16.5,15.5,16.5,174500.0,,,,,,
08-Jan-19,15.0,15.5,15.0,15.5,12000.0,,,,,,
07-Jan-19,16.65,16.65,14.65,14.98,33500.0,,,,,,
04-Jan-19,15.65,15.65,15.65,15.65,500.0,,,,,,
02-Jan-19,15.92,15.92,15.92,15.92,1500.0,,,,,,
31-Dec-18,15.84,15.84,15.84,15.84,500.0,,,,,,
28-Dec-18,15.73,15.73,15.73,15.73,500.0,,,,,,
27-Dec-18,15.74,15.74,15.24,15.24,1500.0,,,,,,
26-Dec-18,15.14,15.24,15.14,15.24,8000.0,,,,,,
21-Dec-18,0.0,14.24,14.24,14.24,5000.0,,,,,,
20-Dec-18,14.25,14.3,14.22,14.24,8000.0,,,,,,
19-Dec-18,15.5,15.5,15.0,15.07,4500.0,,,,,,
18-Dec-18,16.25,16.27,15.37,15.7,186500.0,,,,,,
17-Dec-18,15.25,15.31,15.24,15.27,13000.0,,,,,,
14-Dec-18,14.0,14.5,14.0,14.31,4000.0,,,,,,
13-Dec-18,13.5,13.5,13.5,13.5,2000.0,,,,,,
11-Dec-18,14.0,14.0,14.0,14.0,1500.0,,,,,,
10-Dec-18,14.5,14.7,14.5,14.7,7000.0,,,,,,
07-Dec-18,14.31,14.5,14.31,14.39,2000.0,,,,,,
06-Dec-18,14.0,15.3,14.0,15.3,1000.0,,,,,,
04-Dec-18,14.85,14.9,14.85,14.9,8000.0,,,,,,
29-Nov-18,14.61,14.61,14.3,14.58,17500.0,,,,,,
28-Nov-18,15.5,15.5,15.3,15.3,5000.0,,,,,,
27-Nov-18,15.0,15.2,14.05,15.19,12000.0,,,,,,
26-Nov-18,15.85,15.89,15.01,15.02,3500.0,,,,,,
23-Nov-18,14.75,15.83,14.5,14.89,16500.0,,,,,,
22-Nov-18,15.23,15.23,14.8,14.83,9500.0,,,,,,
20-Nov-18,15.28,15.32,15.0,15.23,36000.0,,,,,,
19-Nov-18,16.73,16.73,15.88,15.88,18500.0,,,,,,
16-Nov-18,16.3,16.35,15.25,15.74,9000.0,,,,,,
15-Nov-18,17.49,17.49,16.16,16.16,81000.0,,,,,,
14-Nov-18,16.8,17.16,16.8,17.16,67000.0,,,,,,
13-Nov-18,16.94,16.96,16.07,16.16,105000.0,,,,,,
12-Nov-18,15.49,16.02,15.0,15.96,94000.0,,,,,,
09-Nov-18,15.29,15.3,15.01,15.02,10000.0,,,,,,
08-Nov-18,14.5,15.4,14.5,15.4,1500.0,,,,,,
07-Nov-18,15.1,15.1,14.97,14.97,2000.0,,,,,,
06-Nov-18,14.6,14.6,14.05,14.2,18500.0,,,,,,
05-Nov-18,15.3,15.3,15.0,15.04,14500.0,,,,,,
02-Nov-18,15.0,16.09,14.53,16.0,57500.0,,,,,,
01-Nov-18,15.3,15.72,15.0,15.09,57500.0,,,,,,
31-Oct-18,14.25,14.72,14.25,14.72,48500.0,,,,,,
30-Oct-18,14.01,14.01,13.53,13.72,10500.0,,,,,,
29-Oct-18,13.76,14.8,13.65,14.05,81500.0,,,,,,
26-Oct-18,15.99,16.0,14.65,14.65,23500.0,,,,,,
25-Oct-18,15.64,15.77,14.95,15.65,92000.0,,,,,,
24-Oct-18,14.77,14.77,14.77,14.77,17000.0,,,,,,
23-Oct-18,13.77,13.77,13.4,13.77,85000.0,,,,,,
22-Oct-18,12.77,12.77,12.77,12.77,2500.0,,,,,,
19-Oct-18,11.76,11.77,11.76,11.77,7500.0,,,,,,
18-Oct-18,10.68,10.77,10.68,10.77,8500.0,,,,,,
17-Oct-18,10.0,10.52,9.5,10.52,7500.0,,,,,,
16-Oct-18,10.9,10.9,9.36,9.52,108500.0,,,,,,
15-Oct-18,10.0,10.01,10.0,10.0,22500.0,,,,,,
12-Oct-18,11.5,11.55,11.0,11.0,24000.0,,,,,,
11-Oct-18,12.0,12.0,12.0,12.0,500.0,,,,,,
10-Oct-18,11.51,11.65,11.41,11.55,16000.0,,,,,,
09-Oct-18,13.65,14.0,12.38,12.39,120000.0,,,,,,
08-Oct-18,13.37,13.51,13.37,13.38,32000.0,,,,,,
05-Oct-18,16.3,16.3,14.3,14.37,70500.0,,,,,,
04-Oct-18,15.0,15.3,14.7,15.3,164000.0,,,,,,
03-Oct-18,14.3,14.3,14.3,14.3,1000.0,,,,,,
02-Oct-18,15.25,15.4,14.9,14.9,6000.0,,,,,,
01-Oct-18,13.51,14.5,13.51,14.4,12000.0,,,,,,
28-Sep-18,14.5,14.5,14.5,14.5,2000.0,,,,,,
27-Sep-18,15.0,15.0,15.0,15.0,1000.0,,,,,,
26-Sep-18,14.27,15.0,14.25,15.0,1500.0,,,,,,
25-Sep-18,16.0,16.0,15.16,15.22,20500.0,,,,,,
24-Sep-18,17.17,17.17,15.25,16.16,62000.0,,,,,,
19-Sep-18,16.17,16.17,16.17,16.17,7500.0,,,,,,
18-Sep-18,13.4,15.34,13.37,15.17,97500.0,,,,,,
17-Sep-18,13.05,14.4,13.0,14.34,21000.0,,,,,,
14-Sep-18,13.5,13.5,13.5,13.5,1000.0,,,,,,
13-Sep-18,13.55,14.08,13.55,13.8,31500.0,,,,,,
12-Sep-18,13.0,14.65,12.75,13.08,13500.0,,,,,,
11-Sep-18,13.75,13.75,13.75,13.75,500.0,,,,,,
10-Sep-18,14.0,14.35,14.0,14.35,1500.0,,,,,,
07-Sep-18,14.6,14.6,14.02,14.02,11000.0,,,,,,
06-Sep-18,15.5,15.5,15.0,15.02,10500.0,,,,,,
05-Sep-18,16.0,16.0,16.0,16.0,1000.0,,,,,,
04-Sep-18,15.04,16.15,15.0,16.15,3500.0,,,,,,
03-Sep-18,16.0,16.0,16.0,16.0,2000.0,,,,,,
31-Aug-18,16.49,16.49,16.49,16.49,500.0,,,,,,
30-Aug-18,16.0,16.01,15.8,15.8,3000.0,,,,,,
29-Aug-18,16.9,17.55,16.1,16.52,47500.0,,,,,,
28-Aug-18,16.0,16.69,16.0,16.69,54500.0,,,,,,
27-Aug-18,16.25,16.5,15.6,15.69,8500.0,,,,,,
24-Aug-18,15.61,16.25,15.55,16.2,4000.0,,,,,,
20-Aug-18,15.25,16.0,15.25,15.88,6000.0,,,,,,
17-Aug-18,16.06,16.06,15.5,15.75,4000.0,,,,,,
15-Aug-18,16.51,16.6,16.16,16.16,19000.0,,,,,,
13-Aug-18,17.3,17.3,17.1,17.1,9500.0,,,,,,
10-Aug-18,18.4,18.53,17.75,18.1,82000.0,,,,,,
09-Aug-18,16.5,17.53,16.42,17.53,38500.0,,,,,,
08-Aug-18,16.59,16.99,16.07,16.53,35500.0,,,,,,
07-Aug-18,17.5,17.5,17.07,17.07,31000.0,,,,,,
06-Aug-18,18.03,18.4,17.97,18.07,18000.0,,,,,,
03-Aug-18,19.21,19.99,18.97,18.97,82500.0,,,,,,
02-Aug-18,20.41,20.41,18.5,19.97,121000.0,,,,,,
01-Aug-18,19.25,19.41,18.7,19.41,18000.0,,,,,,
31-Jul-18,17.49,18.41,17.3,18.41,117500.0,,,,,,
30-Jul-18,17.41,17.41,17.41,17.41,15000.0,,,,,,
27-Jul-18,15.5,16.41,15.5,16.41,83500.0,,,,,,
26-Jul-18,15.25,16.9,15.25,15.41,193500.0,,,,,,
24-Jul-18,16.25,16.25,16.25,16.25,39500.0,,,,,,
23-Jul-18,17.25,17.25,17.25,17.25,500.0,,,,,,
20-Jul-18,0.0,18.24,0.0,18.24,0.0,,,,,,
19-Jul-18,19.04,19.1,19.04,19.04,81000.0,,,,,,
18-Jul-18,20.04,20.1,20.04,20.04,119500.0,,,,,,
17-Jul-18,21.1,21.1,21.09,21.09,4500.0,,,,,,
16-Jul-18,22.19,22.19,22.19,22.19,231500.0,,,,,,
13-Jul-18,23.35,23.35,23.35,23.35,17500.0,,,,,,
12-Jul-18,24.57,24.57,24.57,24.57,500.0,,,,,,
11-Jul-18,27.5,27.84,25.86,25.86,172000.0,,,,,,
10-Jul-18,26.99,27.22,26.4,27.22,260000.0,,,,,,
09-Jul-18,25.0,25.93,24.95,25.93,186500.0,,,,,,
06-Jul-18,23.84,24.7,23.75,24.7,160000.0,,,,,,
05-Jul-18,22.99,23.53,21.35,23.53,308000.0,,,,,,
04-Jul-18,21.49,22.41,21.45,22.41,173000.0,,,,,,
03-Jul-18,21.35,21.35,20.95,21.35,166500.0,,,,,,
02-Jul-18,19.6,20.34,19.6,20.34,90000.0,,,,,,
29-Jun-18,18.8,19.34,18.8,19.34,113000.0,,,,,,
28-Jun-18,17.65,18.34,17.6,18.34,31000.0,,,,,,
27-Jun-18,17.34,17.34,17.3,17.34,107000.0,,,,,,
26-Jun-18,14.5,16.34,14.35,16.34,26500.0,,,,,,
25-Jun-18,16.0,16.0,15.34,15.34,20500.0,,,,,,
22-Jun-18,17.1,17.15,16.3,16.34,120000.0,,,,,,
21-Jun-18,16.15,17.16,15.8,16.98,225500.0,,,,,,
20-Jun-18,15.99,16.16,15.9,16.16,132000.0,,,,,,
19-Jun-18,13.19,15.16,13.19,15.16,57500.0,,,,,,
14-Jun-18,13.99,14.16,12.31,14.16,150000.0,,,,,,
13-Jun-18,12.98,13.16,12.95,13.16,50000.0,,,,,,
12-Jun-18,11.89,12.16,11.15,12.16,273000.0,,,,,,
11-Jun-18,11.9,11.9,11.16,11.16,11500.0,,,,,,
07-Jun-18,10.99,12.0,10.9,12.0,108500.0,,,,,,
06-Jun-18,11.0,11.0,11.0,11.0,500.0,,,,,,
05-Jun-18,10.0,11.0,10.0,10.99,11500.0,,,,,,
04-Jun-18,10.11,10.11,10.0,10.0,13500.0,,,,,,
31-May-18,10.49,11.0,10.49,11.0,45000.0,,,,,,
30-May-18,10.0,10.0,10.0,10.0,1500.0,,,,,,
25-May-18,9.78,10.53,9.7,10.53,107000.0,,,,,,
24-May-18,9.0,9.53,9.0,9.53,13000.0,,,,,,
23-May-18,9.0,9.35,8.5,8.53,5000.0,,,,,,
22-May-18,8.4,8.9,7.65,8.5,23500.0,,,,,,
18-May-18,8.1,8.1,7.9,7.9,4500.0,,,,,,
17-May-18,8.5,8.5,8.0,8.09,6000.0,,,,,,
16-May-18,8.51,8.51,8.2,8.37,2000.0,,,,,,
14-May-18,8.51,8.97,8.51,8.7,9000.0,,,,,,
10-May-18,9.11,9.11,9.0,9.0,15500.0,,,,,,
09-May-18,9.4,9.4,9.4,9.4,1000.0,,,,,,
04-May-18,9.45,9.56,9.45,9.56,1500.0,,,,,,
03-May-18,10.0,10.0,10.0,10.0,1000.0,,,,,,
02-May-18,9.95,9.98,9.95,9.98,1000.0,,,,,,
30-Apr-18,9.61,10.0,9.25,9.92,68500.0,,,,,,
26-Apr-18,10.01,10.01,10.0,10.0,53000.0,,,,,,
25-Apr-18,10.45,10.75,10.11,10.23,10500.0,,,,,,
24-Apr-18,9.0,10.0,9.0,10.0,41500.0,,,,,,
23-Apr-18,9.5,9.5,8.86,9.0,52500.0,,,,,,
20-Apr-18,9.91,9.91,9.0,9.5,55000.0,,,,,,
19-Apr-18,11.0,11.0,9.9,9.98,27500.0,,,,,,
18-Apr-18,11.0,11.0,10.9,10.9,2500.0,,,,,,
17-Apr-18,11.0,11.5,10.55,10.82,29500.0,,,,,,
16-Apr-18,11.5,11.7,11.02,11.46,11000.0,,,,,,
13-Apr-18,11.56,11.75,10.4,10.73,49500.0,,,,,,
12-Apr-18,12.0,12.75,11.4,11.4,27500.0,,,,,,
11-Apr-18,13.0,13.45,12.0,12.04,43500.0,,,,,,
10-Apr-18,13.0,13.5,12.5,13.0,5500.0,,,,,,
09-Apr-18,12.84,13.0,12.65,13.0,63000.0,,,,,,
06-Apr-18,11.0,12.47,10.5,12.0,32000.0,,,,,,
05-Apr-18,10.85,11.85,10.85,11.5,23000.0,,,,,,
04-Apr-18,10.8,10.85,10.8,10.85,7500.0,,,,,,
02-Apr-18,9.1,9.85,9.1,9.85,1000.0,,,,,,
30-Mar-18,9.11,9.85,9.05,9.7,3500.0,,,,,,
28-Mar-18,10.02,10.05,10.02,10.05,2000.0,,,,,,
27-Mar-18,10.1,10.1,10.1,10.1,1000.0,,,,,,
22-Mar-18,10.45,10.45,10.1,10.1,10500.0,,,,,,
21-Mar-18,11.0,11.0,10.57,10.57,4000.0,,,,,,
20-Mar-18,11.5,11.75,11.0,11.16,16000.0,,,,,,
19-Mar-18,11.5,12.0,10.8,11.16,18500.0,,,,,,
16-Mar-18,11.7,11.87,10.78,11.29,5000.0,,,,,,
15-Mar-18,11.25,11.75,10.8,10.87,46500.0,,,,,,
14-Mar-18,11.3,11.4,11.1,11.1,20500.0,,,,,,
13-Mar-18,12.1,12.1,12.1,12.1,1500.0,,,,,,
12-Mar-18,12.94,13.1,12.94,13.1,5000.0,,,,,,
06-Mar-18,12.25,12.25,12.25,12.25,2000.0,,,,,,
05-Mar-18,11.98,12.5,11.98,12.31,6000.0,,,,,,
01-Mar-18,11.5,11.5,11.5,11.5,500.0,,,,,,
28-Feb-18,11.0,11.0,11.0,11.0,1000.0,,,,,,
19-Feb-18,12.0,12.0,12.0,12.0,10000.0,,,,,,
08-Feb-18,11.0,11.25,11.0,11.25,8500.0,,,,,,
23-Jan-18,10.93,10.93,10.93,10.93,500.0,,,,,,
09-Jan-18,10.38,10.38,10.0,10.0,1000.0,,,,,,
08-Jan-18,9.48,9.5,9.48,9.5,1500.0,,,,,,
04-Jan-18,8.5,8.5,8.5,8.5,1000.0,,,,,,
03-Jan-18,8.3,8.3,8.3,8.3,500.0,,,,,,
11-Dec-17,8.27,8.27,8.27,8.27,500.0,,,,,,
08-Dec-17,9.25,9.25,9.25,9.25,500.0,,,,,,
07-Dec-17,0.0,9.5,0.0,9.5,0.0,,,,,,
03-Nov-17,9.55,9.55,9.54,9.54,1000.0,,,,,,
25-Oct-17,10.54,10.55,10.54,10.54,2000.0,,,,,,
24-Oct-17,11.54,11.54,11.54,11.54,7000.0,,,,,,
19-Oct-17,0.0,12.53,0.0,12.53,0.0,,,,,,
11-Oct-17,0.0,12.7,0.0,12.7,0.0,,,,,,
05-Oct-17,0.0,13.7,0.0,13.7,0.0,,,,,,
27-Sep-17,13.75,13.75,13.75,13.75,1000.0,,,,,,
01-Aug-17,0.0,13.5,13.5,13.5,1000.0,,,,,,
26-Jul-17,13.5,13.5,13.5,13.5,500.0,,,,,,
20-Jun-17,13.5,13.5,13.5,13.5,1000.0,,,,,,
16-Jun-17,0.0,13.5,0.0,13.5,0.0,,,,,,
06-Jun-17,14.0,14.0,14.0,14.0,5000.0,,,,,,
30-May-17,14.6,14.6,14.6,14.6,1000.0,,,,,,
29-May-17,14.5,14.5,14.5,14.5,2000.0,,,,,,
11-May-17,14.75,14.75,14.75,14.75,2500.0,,,,,,
21-Apr-17,15.0,15.0,15.0,15.0,10000.0,,,,,,
20-Apr-17,0.0,15.45,0.0,15.45,0.0,,,,,,
19-Apr-17,0.0,15.81,0.0,15.81,0.0,,,,,,
18-Apr-17,0.0,16.31,0.0,16.31,0.0,,,,,,
17-Apr-17,0.0,16.9,0.0,16.9,0.0,,,,,,
13-Apr-17,0.0,17.76,0.0,17.76,0.0,,,,,,
12-Apr-17,0.0,18.18,0.0,18.18,0.0,,,,,,
05-Apr-17,0.0,18.67,0.0,18.67,0.0,,,,,,
16-Mar-17,0.0,18.83,0.0,18.83,0.0,,,,,,
06-Mar-17,19.0,19.0,19.0,19.0,1000.0,,,,,,
28-Feb-17,18.84,18.84,18.8,18.84,41500.0,,,,,,
27-Feb-17,17.5,17.84,17.5,17.84,200000.0,,,,,,
07-Feb-17,16.5,16.84,16.5,16.84,1000.0,,,,,,
27-Jan-17,0.0,0.0,0.0,15.93,0.0,,,,,,
26-Jan-17,0.0,0.0,0.0,15.93,0.0,,,,,,
25-Jan-17,0.0,0.0,0.0,15.93,0.0,,,,,,
24-Jan-17,0.0,0.0,0.0,15.93,0.0,,,,,,
23-Jan-17,16.0,16.0,15.93,15.93,3500.0,,,,,,
20-Jan-17,0.0,0.0,0.0,16.0,0.0,,,,,,
19-Jan-17,0.0,0.0,0.0,16.0,0.0,,,,,,
18-Jan-17,16.0,16.0,16.0,16.0,500.0,,,,,,
17-Jan-17,0.0,0.0,0.0,17.0,0.0,,,,,,
16-Jan-17,17.0,17.0,17.0,17.0,1500.0,,,,,,
13-Jan-17,17.75,18.0,17.75,18.0,5000.0,,,,,,
12-Jan-17,17.35,17.35,17.0,17.0,2500.0,,,,,,
11-Jan-17,0.0,0.0,0.0,16.4,0.0,,,,,,
10-Jan-17,0.0,0.0,0.0,16.4,0.0,,,,,,
09-Jan-17,0.0,0.0,0.0,16.4,0.0,,,,,,
06-Jan-17,16.0,16.4,16.0,16.4,2000.0,,,,,,
05-Jan-17,15.0,15.5,15.0,15.44,8000.0,,,,,,
04-Jan-17,0.0,0.0,0.0,14.98,0.0,,,,,,
03-Jan-17,0.0,0.0,0.0,14.98,0.0,,,,,,
02-Jan-17,0.0,0.0,0.0,14.98,0.0,,,,,,
30-Dec-16,0.0,0.0,0.0,14.98,0.0,,,,,,
29-Dec-16,15.0,15.0,14.98,14.98,4500.0,,,,,,
28-Dec-16,0.0,0.0,0.0,14.0,0.0,,,,,,
27-Dec-16,0.0,0.0,0.0,14.0,0.0,,,,,,
26-Dec-16,0.0,0.0,0.0,14.0,0.0,,,,,,
23-Dec-16,0.0,0.0,0.0,14.0,0.0,,,,,,
22-Dec-16,0.0,0.0,0.0,14.0,0.0,,,,,,
21-Dec-16,0.0,0.0,0.0,14.0,0.0,,,,,,
20-Dec-16,0.0,0.0,0.0,14.0,0.0,,,,,,
19-Dec-16,0.0,0.0,0.0,14.0,0.0,,,,,,
16-Dec-16,14.5,14.5,14.0,14.0,2000.0,,,,,,
15-Dec-16,0.0,0.0,0.0,15.0,0.0,,,,,,
14-Dec-16,0.0,0.0,0.0,15.0,0.0,,,,,,
13-Dec-16,0.0,0.0,0.0,15.0,0.0,,,,,,
09-Dec-16,0.0,0.0,0.0,15.0,0.0,,,,,,
08-Dec-16,0.0,0.0,0.0,15.0,0.0,,,,,,
07-Dec-16,14.75,15.0,14.75,15.0,2000.0,,,,,,
06-Dec-16,0.0,0.0,0.0,14.5,0.0,,,,,,
05-Dec-16,0.0,0.0,0.0,14.5,0.0,,,,,,
02-Dec-16,14.0,14.5,14.0,14.5,2000.0,,,,,,
01-Dec-16,14.01,14.01,14.0,14.0,3000.0,,,,,,
30-Nov-16,0.0,0.0,0.0,15.0,0.0,,,,,,
29-Nov-16,0.0,0.0,0.0,15.0,0.0,,,,,,
28-Nov-16,0.0,0.0,0.0,15.0,0.0,,,,,,
25-Nov-16,0.0,0.0,0.0,15.0,0.0,,,,,,
24-Nov-16,0.0,0.0,0.0,15.0,0.0,,,,,,
23-Nov-16,15.0,15.0,15.0,15.0,1000.0,,,,,,
22-Nov-16,15.0,15.35,15.0,15.0,15500.0,,,,,,
21-Nov-16,14.85,14.85,14.25,14.85,1000.0,,,,,,
18-Nov-16,0.0,0.0,0.0,14.25,0.0,,,,,,
17-Nov-16,0.0,0.0,0.0,14.25,0.0,,,,,,
16-Nov-16,0.0,0.0,0.0,14.25,0.0,,,,,,
15-Nov-16,0.0,0.0,0.0,14.25,0.0,,,,,,
14-Nov-16,0.0,14.25,14.25,14.25,1000.0,,,,,,
11-Nov-16,14.0,14.5,14.0,14.25,1000.0,,,,,,
10-Nov-16,0.0,0.0,0.0,14.02,0.0,,,,,,
09-Nov-16,14.02,14.02,14.02,14.02,500.0,,,,,,
08-Nov-16,14.0,14.67,13.99,14.67,121000.0,,,,,,
07-Nov-16,12.51,13.67,12.51,13.67,36500.0,,,,,,
04-Nov-16,0.0,0.0,0.0,12.67,0.0,,,,,,
03-Nov-16,0.0,0.0,0.0,12.91,0.0,,,,,,
02-Nov-16,0.0,0.0,0.0,12.91,0.0,,,,,,
01-Nov-16,12.0,13.0,12.0,12.91,12000.0,,,,,,
31-Oct-16,12.01,12.01,12.01,12.01,2000.0,,,,,,
28-Oct-16,0.0,0.0,0.0,12.5,0.0,,,,,,
27-Oct-16,0.0,0.0,0.0,12.5,0.0,,,,,,
26-Oct-16,12.5,12.5,12.5,12.5,1000.0,,,,,,
25-Oct-16,0.0,0.0,0.0,12.1,0.0,,,,,,
24-Oct-16,12.1,12.25,12.1,12.1,2500.0,,,,,,
21-Oct-16,0.0,0.0,0.0,12.5,0.0,,,,,,
20-Oct-16,0.0,0.0,0.0,12.5,0.0,,,,,,
19-Oct-16,13.0,13.0,13.0,13.0,500.0,,,,,,
18-Oct-16,0.0,0.0,0.0,13.0,0.0,,,,,,
17-Oct-16,13.6,13.6,13.0,13.0,1000.0,,,,,,
14-Oct-16,13.02,13.91,12.98,13.5,20500.0,,,,,,
13-Oct-16,13.48,14.5,13.48,13.98,102500.0,,,,,,
10-Oct-16,13.2,13.5,13.2,13.5,6000.0,,,,,,
07-Oct-16,13.0,13.25,13.0,13.25,1500.0,,,,,,
06-Oct-16,13.31,13.31,13.07,13.07,4000.0,,,,,,
05-Oct-16,13.3,13.7,13.3,13.51,16500.0,,,,,,
04-Oct-16,13.25,13.4,13.25,13.29,44500.0,,,,,,
03-Oct-16,12.4,12.4,12.4,12.4,20000.0,,,,,,
30-Sep-16,11.8,13.0,11.8,12.65,23000.0,,,,,,
29-Sep-16,0.0,0.0,0.0,12.3,0.0,,,,,,
28-Sep-16,12.8,12.8,12.3,12.3,3000.0,,,,,,
27-Sep-16,12.2,13.09,12.2,12.6,13500.0,,,,,,
26-Sep-16,12.0,12.1,12.0,12.1,11000.0,,,,,,
23-Sep-16,0.0,0.0,0.0,11.1,0.0,,,,,,
22-Sep-16,10.5,11.1,10.5,11.1,23500.0,,,,,,
21-Sep-16,10.05,10.1,10.05,10.1,6000.0,,,,,,
20-Sep-16,0.0,0.0,0.0,11.05,0.0,,,,,,
19-Sep-16,11.0,11.05,11.0,11.05,1500.0,,,,,,
16-Sep-16,0.0,11.75,11.75,11.75,14000.0,,,,,,
15-Sep-16,12.4,12.4,11.75,11.75,2500.0,,,,,,
09-Sep-16,12.0,12.0,12.0,12.0,1000.0,,,,,,
08-Sep-16,11.5,11.5,11.5,11.5,1000.0,,,,,,
07-Sep-16,11.5,11.8,11.5,11.76,34500.0,,,,,,
06-Sep-16,11.5,11.84,11.4,11.8,14500.0,,,,,,
05-Sep-16,11.75,11.75,11.51,11.51,8000.0,,,,,,
02-Sep-16,12.0,12.0,11.75,11.84,17500.0,,,,,,
01-Sep-16,11.2,12.2,11.2,12.05,87500.0,,,,,,
31-Aug-16,10.8,11.5,10.6,11.32,76500.0,,,,,,
30-Aug-16,10.9,11.0,10.6,10.9,37500.0,,,,,,
29-Aug-16,11.11,11.11,10.6,10.6,24500.0,,,,,,
26-Aug-16,10.69,11.13,10.26,11.03,108500.0,,,,,,
25-Aug-16,10.05,10.15,9.25,10.13,219500.0,,,,,,
24-Aug-16,8.2,9.15,8.0,9.15,141000.0,,,,,,
23-Aug-16,8.55,8.55,8.0,8.15,11000.0,,,,,,
22-Aug-16,8.0,8.0,8.0,8.0,500.0,,,,,,
19-Aug-16,0.0,0.0,0.0,8.3,0.0,,,,,,
18-Aug-16,8.88,8.88,8.25,8.3,8000.0,,,,,,
17-Aug-16,8.51,8.6,8.45,8.6,12000.0,,,,,,
16-Aug-16,8.87,8.87,8.25,8.25,42500.0,,,,,,
15-Aug-16,0.0,0.0,0.0,8.28,0.0,,,,,,
12-Aug-16,0.0,0.0,0.0,8.28,0.0,,,,,,
11-Aug-16,8.5,8.5,8.21,8.28,35000.0,,,,,,
10-Aug-16,8.05,8.45,8.05,8.45,1000.0,,,,,,
09-Aug-16,8.05,8.5,8.05,8.5,1000.0,,,,,,
08-Aug-16,7.76,8.75,7.76,8.37,3500.0,,,,,,
05-Aug-16,8.05,8.75,8.05,8.75,2500.0,,,,,,
04-Aug-16,0.0,0.0,0.0,8.52,0.0,,,,,,
03-Aug-16,8.0,8.52,8.0,8.52,1500.0,,,,,,
02-Aug-16,8.54,8.54,8.54,8.54,500.0,,,,,,
01-Aug-16,7.6,7.6,7.6,7.6,500.0,,,,,,
29-Jul-16,0.0,0.0,0.0,8.25,0.0,,,,,,
28-Jul-16,8.6,8.6,8.25,8.25,11500.0,,,,,,
27-Jul-16,8.65,9.0,8.65,8.8,11500.0,,,,,,
26-Jul-16,8.5,8.8,8.5,8.8,3500.0,,,,,,
25-Jul-16,0.0,0.0,0.0,8.5,0.0,,,,,,
22-Jul-16,0.0,0.0,0.0,8.5,0.0,,,,,,
21-Jul-16,8.01,8.5,8.0,8.5,27500.0,,,,,,
20-Jul-16,8.0,8.25,8.0,8.23,13000.0,,,,,,
19-Jul-16,8.0,8.01,8.0,8.0,22000.0,,,,,,
18-Jul-16,8.0,8.25,7.8,8.18,23500.0,,,,,,
15-Jul-16,7.79,8.15,7.51,7.89,9500.0,,,,,,
14-Jul-16,7.5,7.55,7.5,7.54,2500.0,,,,,,
13-Jul-16,7.5,7.8,7.2,7.29,14500.0,,,,,,
12-Jul-16,0.0,0.0,0.0,7.35,0.0,,,,,,
11-Jul-16,7.35,7.35,7.35,7.35,1500.0,,,,,,
04-Jul-16,0.0,0.0,0.0,7.82,0.0,,,,,,
30-Jun-16,7.74,8.09,7.0,7.82,6500.0,,,,,,
29-Jun-16,7.23,7.6,7.23,7.5,7000.0,,,,,,
28-Jun-16,7.49,8.23,7.49,8.23,2500.0,,,,,,
27-Jun-16,0.0,0.0,0.0,7.4,0.0,,,,,,
24-Jun-16,0.0,0.0,0.0,7.4,0.0,,,,,,
23-Jun-16,0.0,0.0,0.0,7.4,0.0,,,,,,
22-Jun-16,0.0,0.0,0.0,7.4,0.0,,,,,,
21-Jun-16,7.51,7.51,7.31,7.4,3500.0,,,,,,
20-Jun-16,0.0,0.0,0.0,7.87,0.0,,,,,,
17-Jun-16,8.24,8.24,7.81,7.87,5000.0,,,,,,
16-Jun-16,8.83,8.99,8.0,8.02,74000.0,,,,,,
15-Jun-16,8.75,8.75,8.0,8.07,5500.0,,,,,,
14-Jun-16,7.8,8.5,7.8,8.4,4000.0,,,,,,
13-Jun-16,9.44,9.44,8.16,8.17,6000.0,,,,,,
10-Jun-16,8.45,8.9,7.61,8.83,22500.0,,,,,,
09-Jun-16,7.39,8.24,7.24,8.24,46000.0,,,,,,
08-Jun-16,7.3,7.3,7.0,7.24,17500.0,,,,,,
07-Jun-16,7.3,7.3,7.3,7.3,1000.0,,,,,,
06-Jun-16,7.7,7.7,7.42,7.63,16000.0,,,,,,
03-Jun-16,7.98,8.0,7.4,7.4,18500.0,,,,,,
02-Jun-16,7.61,8.0,7.61,8.0,4500.0,,,,,,
01-Jun-16,8.11,8.11,8.05,8.05,13500.0,,,,,,
31-May-16,8.05,8.8,8.01,8.38,21500.0,,,,,,
30-May-16,10.57,10.57,8.57,8.58,301500.0,,,,,,
27-May-16,9.29,9.57,9.29,9.57,54500.0,,,,,,
26-May-16,7.75,8.57,7.75,8.57,61500.0,,,,,,
25-May-16,7.0,7.8,7.0,7.57,61000.0,,,,,,
24-May-16,7.09,7.09,6.9,6.9,11000.0,,,,,,
23-May-16,7.25,7.43,7.0,7.0,26500.0,,,,,,
20-May-16,7.2,7.5,7.1,7.43,23000.0,,,,,,
19-May-16,7.35,7.35,7.35,7.35,2000.0,,,,,,
18-May-16,7.4,8.0,7.31,7.31,22000.0,,,,,,
17-May-16,7.78,7.8,7.51,7.51,27500.0,,,,,,
16-May-16,6.95,7.5,6.9,7.5,129000.0,,,,,,
13-May-16,6.5,6.5,6.5,6.5,7000.0,,,,,,
12-May-16,6.6,6.6,6.5,6.5,17000.0,,,,,,
11-May-16,0.0,0.0,0.0,6.5,0.0,,,,,,
10-May-16,6.7,6.7,6.5,6.5,4000.0,,,,,,
09-May-16,6.49,6.6,6.49,6.6,9000.0,,,,,,
06-May-16,0.0,0.0,0.0,6.0,0.0,,,,,,
05-May-16,6.0,6.0,6.0,6.0,1000.0,,,,,,
04-May-16,0.0,0.0,0.0,6.3,0.0,,,,,,
03-May-16,6.3,6.3,6.3,6.3,2000.0,,,,,,
02-May-16,0.0,0.0,0.0,6.59,0.0,,,,,,
,,,,,,2025-11-19,74.86,74.86,74.86,74.86,0.0
